{"bin_edges": [0.0, 7.0, 12.0, 15.0, 22.0], "metrics_bin_cv": {"Entail-Prev": {"0": [0.7888888888888888, 0.7543859649122807, 0.7636363636363636, 0.5714285714285715, 0.8991596638655461], "1": [0.6279454319966928, 0.6554809843400446, 0.6505398671096345, 0.6310331825037707, 0.7329140461215933], "2": [0.7127810708861999, 0.7305555555555556, 0.7038740245261985, 0.7128205128205128, 0.7435897435897435], "3": [0.7202380952380953, 0.7568843430369789, 0.6982534373838722, 0.7008595181062421, 0.6584385763490241]}, "Entail-Raw": {"0": [0.7338935574229692, 0.9047619047619047, 0.8375000000000001, 0.8571428571428571, 0.8736842105263158], "1": [0.7398959583833533, 0.7994791666666667, 0.8209764918625679, 0.7587822014051522, 0.93875], "2": [0.8133534136546186, 0.8927939876215738, 0.8523228743180792, 0.8502673796791445, 0.8784755979000582], "3": [0.8510638297872342, 0.7854166666666667, 0.8593939393939394, 0.8329004329004329, 0.7707783405864308]}, "Stability-0.95": {"0": [0.7338935574229692, 0.825, 0.8375000000000001, 0.8571428571428571, 1.0], "1": [0.6956168831168832, 0.7861111111111111, 0.7842197035745422, 0.6842911877394635, 0.8571428571428572], "2": [0.7821514570740578, 0.8572398958451262, 0.7879711751662972, 0.8210590383444918, 0.8369848721961397], "3": [0.7688524590163934, 0.854368932038835, 0.7406855439642325, 0.7747835762164508, 0.7413043478260868]}}}