{"bin_edges": [5.0, 10.0, 11.0, 14.0, 24.0], "metrics_bin_cv": {"Entail-Prev": {"0": [0.6432432432432433, 0.6815304948216341, 0.7643362136684997, 0.8653348131705512, 0.6560056858564322], "1": [0.7276190476190476, 0.915057915057915, 0.5686274509803921, 0.5416666666666666, 0.7722567287784678], "2": [0.7858288770053476, 0.8847058823529412, 0.7615584415584415, 0.7967573827446439, 0.8324808184143222], "3": [0.7644216248867413, 1.0, 0.8241421568627452, 0.7150684931506849, 0.5503875968992249]}, "Entail-Raw": {"0": [0.8145593869731801, 0.7795091009376725, 0.8480902777777777, 0.8641284061216872, 0.6363636363636364], "1": [0.7020123839009289, 0.7708333333333334, 0.7603485838779955, 0.8952380952380952, 0.9083333333333333], "2": [0.8367400419287212, 0.9027777777777779, 0.7419028340080971, 0.8583877995642701, 0.9191358024691358], "3": [0.8102903133084219, 1.0, 0.8276276276276275, 0.8041431261770244, 0.6822660098522167]}, "Stability-0.95": {"0": [0.7758035014371572, 0.7221908526256353, 0.7802197802197803, 0.9035250463821892, 0.7135416666666667], "1": [0.7352832284339132, 0.9301587301587302, 0.6239316239316239, 0.8952380952380952, 0.8633540372670807], "2": [0.8116402116402117, 0.9351851851851851, 0.7615584415584415, 0.859969680044682, 0.9107021131561008], "3": [0.7488038277511961, 1.0, 0.9140074906367042, 0.778552071234998, 0.5376344086021505]}}}