{"bin_edges": [10.0, 10.75, 12.5, 13.25, 14.0], "metrics_bin_cv": {"Entail-Prev": {"0": [NaN, NaN, NaN, 0.4736842105263158, 0.4505494505494505], "1": [NaN, 0.49579831932773105, 0.4210526315789474, NaN, NaN], "2": [0.7067669172932332, NaN, 0.5666666666666667, NaN, NaN], "3": [0.5714285714285715, 0.7083333333333333, NaN, NaN, NaN]}, "Entail-Raw": {"0": [NaN, NaN, NaN, 0.4736842105263158, 0.6000000000000001], "1": [NaN, 0.7333333333333334, 0.3888888888888889, NaN, NaN], "2": [0.7067669172932332, NaN, 0.5751633986928104, NaN, NaN], "3": [0.641025641025641, 0.3913043478260869, NaN, NaN, NaN]}, "LLM-Judge-Old": {"0": [NaN, NaN, NaN, 1.0, 0.37499999999999994], "1": [NaN, 0.3333333333333333, 0.47619047619047616, NaN, NaN], "2": [0.8115942028985508, NaN, 0.7833333333333333, NaN, NaN], "3": [1.0, 0.4814814814814815, NaN, NaN, NaN]}, "Stability": {"0": [NaN, NaN, NaN, 0.4736842105263158, 0.5833333333333333], "1": [NaN, 0.49579831932773105, 0.3888888888888889, NaN, NaN], "2": [0.7067669172932332, NaN, 0.5125, NaN, NaN], "3": [0.4166666666666667, 0.6347826086956523, NaN, NaN, NaN]}, "Stability-0.95": {"0": [NaN, NaN, NaN, 0.37499999999999994, 0.5833333333333333], "1": [NaN, 0.625, 0.3888888888888889, NaN, NaN], "2": [0.7067669172932332, NaN, 0.5125, NaN, NaN], "3": [0.7083333333333333, 0.8133333333333334, NaN, NaN, NaN]}}}