{"bin_edges": [0.0, 16.0, 20.0, 25.0, 36.0], "metrics_bin_cv": {"Entail-Prev": {"0": [0.6759018870848994, 0.6398128898128899, 0.6258420085731782, 0.667410003185728, 0.7470913599084494], "1": [0.7335526315789473, 0.65625, 0.7221110274926744, 0.7749019607843137, 0.6442783882783882], "2": [0.7142857142857144, 0.7313804999092174, 0.6891321701448284, 0.737418366524228, 0.6523835319609967], "3": [0.7035678137651822, 0.7875520705709385, 0.7735294117647058, 0.7202439504229786, 0.7218390804597701]}, "Entail-Raw": {"0": [0.8231641569064881, 0.7618447580645162, 0.7257294429708223, 0.7663906914298502, 0.7137864756246723], "1": [0.8506927564414196, 0.8476102516739783, 0.8450284999925588, 0.8555250417598596, 0.7891785741970492], "2": [0.8363714109244097, 0.7960126013624937, 0.7571486928104575, 0.7482211275314723, 0.836159547166191], "3": [0.7090123092902157, 0.7849615108838293, 0.8389459437942839, 0.8461975524475525, 0.8340689750412968]}, "Stability-0.95": {"0": [0.7537537537537538, 0.6141265393888056, 0.6083333333333333, 0.7621326042378673, 0.7492857142857143], "1": [0.7976379741085624, 0.8074117303764226, 0.7595341614906832, 0.8276726692500571, 0.7372359154929577], "2": [0.7531752276048107, 0.7723658406133, 0.755633578040217, 0.7754754339918035, 0.7758668446100774], "3": [0.7480111286562899, 0.8155973059198866, 0.8150511247443761, 0.8186885533707865, 0.804723863956182]}}}