{"bin_edges": [7.0, 10.0, 11.0, 14.0, 26.0], "metrics_bin_cv": {"Entail-Prev": {"0": [0.5470588235294117, 0.6171851851851852, 0.6111111111111112, 0.5952380952380952, 0.79], "1": [0.47619047619047616, 0.4210526315789474, 0.5416666666666666, 0.45, NaN], "2": [0.5916666666666667, 0.4, 0.42222222222222217, 0.686545664073754, 0.4496644295302013], "3": [0.8270042194092826, 0.4722222222222222, 0.5425219941348973, 0.49782608695652175, NaN]}, "Entail-Raw": {"0": [0.6926984126984127, 0.6606484177829548, 0.78125, 0.6482758620689655, 0.8492678725236865], "1": [0.45, 0.3125, 0.6459770114942529, 0.611764705882353, NaN], "2": [0.6971153846153846, 0.3333333333333333, 0.675, 0.6, 0.6272049463538825], "3": [0.3655121591746499, 0.5521885521885521, 0.8046162104133119, 0.6857142857142857, NaN]}, "LLM-Judge": {"0": [0.6308161708619374, 0.6157735085945399, 0.5354449472096531, 0.43333333333333335, 0.8194014447884417], "1": [0.47619047619047616, 0.45, 0.5416666666666666, 0.45, NaN], "2": [0.4603174603174603, 0.4, 0.42222222222222217, 0.6657450076804916, 0.45333333333333337], "3": [0.4875, 0.4722222222222222, 0.5425219941348973, 0.42250000000000004, NaN]}, "Stability": {"0": [0.6363636363636364, 0.6481481481481481, 0.78125, 0.5952380952380952, 0.7348484848484849], "1": [0.3529411764705882, 0.3529411764705882, 0.5831578947368421, 0.45, NaN], "2": [0.9758481886141461, 0.3333333333333333, 0.6285714285714286, 0.613343840294195, 0.46901017576318227], "3": [0.8270042194092826, 0.4722222222222222, 0.5715355805243446, 0.8433048433048433, NaN]}}}