{"bin_edges": [7.0, 14.0, 17.0, 20.0, 32.0], "metrics_bin_cv": {"Entail-Prev": {"0": [0.4591836734693877, 0.625, 0.5821428571428572, 0.6013986013986015, 0.4523809523809524], "1": [0.7642857142857142, 0.6834733893557423, 0.2874493927125506, 0.76, 0.5686274509803921], "2": [0.5366430260047281, 0.5771305285868393, 0.5210084033613446, 0.4657534246575343, 0.5916666666666667], "3": [0.6071428571428571, NaN, 0.6035714285714286, 0.6140350877192982, 0.6582658265826583]}, "Entail-Raw": {"0": [0.46464646464646475, 0.380952380952381, 0.5505186323472916, 0.6495479204339965, 0.4390243902439024], "1": [0.6980392156862745, 0.6844750558451229, 0.6, 0.7443181818181819, 0.7424242424242424], "2": [0.6813008130081302, 0.5349291646311676, 0.4722222222222222, 0.39062500000000006, 0.6767383559836391], "3": [0.6116196525312908, NaN, 0.48675914249684743, 0.6727272727272727, 0.7431638129312548]}, "Stability-0.95": {"0": [0.4536082474226804, 0.5322245322245321, 0.5943262411347517, 0.769438202247191, 0.4390243902439024], "1": [0.8070175438596491, 0.6661363636363635, 0.45893719806763283, 0.757412398921833, 0.6222222222222222], "2": [0.5918367346938775, 0.6705882352941177, 0.5210084033613446, 0.4657534246575343, 0.6168621451640319], "3": [0.7348484848484849, NaN, 0.8262910798122065, 0.6004842615012107, 0.7573140150459737]}}}