{"Entail-Prev": {"f1": [0.5334899666754573, 0.4869398621890232, 0.5153193126068067, 0.4795436529327084, 0.5142872102307683], "prec": [0.5494084007099191, 0.4928388746803069, 0.5484070696836654, 0.49861283910363663, 0.5189649060616803], "rec": [0.5495844053037799, 0.4925885294417798, 0.5532488344988344, 0.49828290219033233, 0.5200495647969052]}, "Entail-Raw": {"f1": [0.6112559412970096, 0.5569254932757436, 0.5770801684693125, 0.5873522508552707, 0.563774904340942], "prec": [0.6187482259437979, 0.5606558930214931, 0.5770064050833533, 0.5897058823529412, 0.5849054454317613], "rec": [0.6103898674055017, 0.5571678232472701, 0.5771561771561772, 0.5856660687311178, 0.5675743471953578]}, "LLM-Judge": {"f1": [0.48724324324324325, 0.5161992968013035, 0.4858175697645506, 0.46334141178493504, 0.5180537988025972], "prec": [0.552535336562222, 0.6164316490403448, 0.5474445245533927, 0.5131036129928782, 0.5879470717857446], "rec": [0.5393374850653951, 0.5785907859078591, 0.5400674273858921, 0.5117796320694872, 0.5702647571648638]}, "ROSCOE-LI-Self": {"f1": [0.5150926453573711, 0.5331353767171314, 0.5267655950847189, 0.5187178235829433, 0.5176993549086573], "prec": [0.7314261692995265, 0.6992677735206471, 0.5306078809371855, 0.5294918220627838, 0.6978096530335336], "rec": [0.5690019130549508, 0.5746377181345035, 0.5338869463869464, 0.5359941465256798, 0.5616839941972921]}, "ROSCOE-LI-Source": {"f1": [0.4064262324904493, 0.5136648745519714, 0.4782463802432757, 0.4604928369931966, 0.4245391705069125], "prec": [0.41186372621695083, 0.5474977608598298, 0.49876926106434305, 0.46265356265356267, 0.44118075271165463], "rec": [0.4435285968731446, 0.5324714256556792, 0.4992715617715618, 0.4748867069486405, 0.4706963249516441]}, "ReCEval-Inter": {"f1": [0.4893600165857325, 0.5209392965019974, 0.49647680820706735, 0.4926589560735902, 0.5260910815939279], "prec": [0.49051383399209486, 0.522374574829932, 0.49830295625021215, 0.49974088229578284, 0.5267690875232774], "rec": [0.49097565802493565, 0.5214817838554955, 0.49817890442890445, 0.49969316465256797, 0.5260668520309477]}, "ReCEval-Intra": {"f1": [0.5112056203241071, 0.5330793423343613, 0.5280099237993976, 0.5429605245259406, 0.5266406757634827], "prec": [0.5112403819412256, 0.5339714014593764, 0.5281401467940728, 0.5443769994258059, 0.5265705112846806], "rec": [0.5111979682037073, 0.5331092458414124, 0.5296037296037296, 0.5510762839879154, 0.5268133462282398]}, "Stability-0.95": {"f1": [0.5217195178132676, 0.4662185581303228, 0.5114028768243226, 0.47665259742358335, 0.5132867745894454], "prec": [0.5329091521995617, 0.47285961016530964, 0.5490666880990175, 0.4905399336491518, 0.5165548098434005], "rec": [0.5334883567517646, 0.47193591182773753, 0.5533653846153845, 0.4884405683534743, 0.5174443907156673]}}