{"Entail-Prev": {"f1": [0.423887587822014, 0.4163208852005532, 0.42005420054200543, 0.3796791443850267, 0.43861740166865315], "prec": [0.3678861788617886, 0.3566350710900474, 0.3621495327102804, 0.30603448275862066, 0.39065817409766457], "rec": [0.5, 0.5, 0.5, 0.5, 0.5]}, "Entail-Raw": {"f1": [0.6065773978278886, 0.5720290315485936, 0.5736052508204408, 0.5687988136431043, 0.5697110410094638], "prec": [0.6038106800514614, 0.577886797643337, 0.5865173473869126, 0.5698679471788715, 0.5907851194588895], "rec": [0.6217382065448364, 0.5932840943411768, 0.6077091306724987, 0.5683098591549296, 0.6317275221612495]}, "LLM-Judge": {"f1": [0.42111650485436897, 0.41294964028776976, 0.41595441595441596, 0.37603305785123964, 0.43554443053817277], "prec": [0.3637316561844864, 0.35171568627450983, 0.35609756097560974, 0.30132450331125826, 0.3858093126385809], "rec": [0.5, 0.5, 0.5, 0.5, 0.5]}, "Stability": {"f1": [0.41021825396825395, 0.5049294980259448, 0.3828406633020909, 0.3896070693125456, 0.4826525054466231], "prec": [0.5455905012236019, 0.5763699387860461, 0.4681770833333333, 0.4147966692876872, 0.6162078856115416], "rec": [0.5427539311517212, 0.5852941984020208, 0.4665937670858393, 0.41733176838810637, 0.6432302659349937]}, "Stability-0.95": {"f1": [0.480048408815859, 0.5601103149217015, 0.40752245256263087, 0.4161853016871605, 0.4564820800114918], "prec": [0.5250603864734299, 0.5743918918918919, 0.44774011299435024, 0.4196850393700787, 0.5104865924017562], "rec": [0.5317467063323417, 0.5906894374124818, 0.43526517222525973, 0.41619718309859155, 0.5152490502321655]}}