{"Entail-Prev": {"f1": [0.7138458552993305, 0.6732401376481392, 0.7795546558704454, 0.5682935682935684, 0.7576808192873907], "prec": [0.7051029212375199, 0.6695159560203808, 0.8045587518283763, 0.6063176128378599, 0.7672794930366222], "rec": [0.7278702892199824, 0.6781135531135531, 0.7622155990261104, 0.5765483810240963, 0.7495528035775714]}, "Entail-Raw": {"f1": [0.5932053573144251, 0.5940979999214115, 0.6099661805115197, 0.5768273529056421, 0.5908723071771403], "prec": [0.5901132478114315, 0.5958067162867022, 0.6119590848256963, 0.5809352517985611, 0.5951724993794987], "rec": [0.601774758983348, 0.6151556776556777, 0.6474897153891361, 0.5762424698795181, 0.6319057447540419]}, "LLM-Judge": {"f1": [0.27091825788457413, 0.4131627056672761, 0.42857142857142855, 0.3627450980392157, 0.45439739413680785], "prec": [0.4575668710566071, 0.35202492211838005, 0.375, 0.2846153846153846, 0.4164179104477612], "rec": [0.48462900370191536, 0.5, 0.5, 0.5, 0.5]}, "ROSCOE-LI-Self": {"f1": [0.6661585365853658, 0.6435924369747898, 0.6316100617776594, 0.5750813985109401, 0.6683651720480208], "prec": [0.6682659932659933, 0.6427800598760705, 0.6260455563853622, 0.722345541990381, 0.7090395480225988], "rec": [0.6642473707274321, 0.644459706959707, 0.6416967509025271, 0.5989975527108433, 0.6501891984864121]}, "ROSCOE-LI-Self-Contra": {"f1": [0.5762614505547661, 0.5783599847706073, 0.6242192316192293, 0.5006679644261232, 0.5778156384505022], "prec": [0.5902644560153467, 0.7078351449275362, 0.6447619047619048, 0.6364397134632123, 0.5819069069069069], "rec": [0.5721680543382998, 0.5808150183150184, 0.6148518176475527, 0.5479574548192772, 0.5750601995184039]}, "ROSCOE-LI-Source": {"f1": [0.5664091910431945, 0.5538461538461539, 0.5695869625297543, 0.5160646696584228, 0.5286654135338346], "prec": [0.5677994998863378, 0.5536437246963563, 0.5735256120405658, 0.5434580525214967, 0.5477560414269276], "rec": [0.5653483786152498, 0.5606684981684982, 0.5955629250272858, 0.5308028990963856, 0.5685242518059855]}, "ROSCOE-LI-Source-Contra": {"f1": [0.44061302681992337, 0.4605218855218855, 0.4455899198167239, 0.45270419426048564, 0.45920628525382756], "prec": [0.4356915739268681, 0.4638406764574989, 0.44109666478236287, 0.4745262503883194, 0.45658263305322133], "rec": [0.45568580192813324, 0.47710622710622713, 0.45625892032574933, 0.48456325301204817, 0.470141038871689]}, "ReCEval-Inter": {"f1": [0.5604914164836059, 0.5731161186995685, 0.6185639229422066, 0.5118822292323869, 0.6573716646349722], "prec": [0.6414879891871967, 0.6012031139419675, 0.631100266193434, 0.6356421356421356, 0.655055692656573], "rec": [0.5630751533742331, 0.5705128205128205, 0.611640500377802, 0.5530873493975903, 0.6599415204678363]}, "ReCEval-Inter-Contra": {"f1": [0.49081442184890456, 0.5072869647348247, 0.5257629598662208, 0.4476725699707916, 0.46623185356616875], "prec": [0.501372683596431, 0.5368794326241134, 0.5545171339563862, 0.4968266126826065, 0.46518332347723246], "rec": [0.5008764241893077, 0.5201465201465201, 0.5308538325917219, 0.4986351656626506, 0.47569659442724455]}, "ReCEval-Intra": {"f1": [0.42670157068062825, 0.42000000000000004, 0.4328125, 0.3775811209439528, 0.4388586956521739], "prec": [0.3721461187214612, 0.3620689655172414, 0.38154269972451793, 0.3033175355450237, 0.3910411622276029], "rec": [0.5, 0.5, 0.5, 0.5, 0.5]}, "Stability-0.95": {"f1": [0.7334299376901898, 0.6906601024248082, 0.7888307155322862, 0.6231327127083783, 0.7587440671778021], "prec": [0.7503401781296388, 0.7093680845832309, 0.8214753933037515, 0.6948350071736011, 0.7776628143057942], "rec": [0.7217079316389132, 0.679945054945055, 0.767630761480984, 0.6278237951807228, 0.7446336429308565]}}