{"Entail-Prev": {"f1": [0.38123167155425225, 0.39097744360902253, 0.3664596273291925, 0.4433249370277078, 0.4409638554216868], "prec": [0.3080568720379147, 0.32098765432098764, 0.28921568627450983, 0.39819004524886875, 0.39439655172413796], "rec": [0.5, 0.5, 0.5, 0.5, 0.5]}, "Entail-Raw": {"f1": [0.5949899166605923, 0.6493229218147671, 0.7156064274708342, 0.5729294248931711, 0.5893805309734513], "prec": [0.5986710631494804, 0.6706092877094971, 0.714626081882719, 0.570869990224829, 0.5875506072874495], "rec": [0.5937796771130104, 0.6440097259062776, 0.7174812770989358, 0.591540404040404, 0.6157577785212446]}, "LLM-Judge": {"f1": [0.38123167155425225, 0.3915211970074813, 0.3664596273291925, 0.4433249370277078, 0.4409638554216868], "prec": [0.3080568720379147, 0.32172131147540983, 0.28921568627450983, 0.39819004524886875, 0.39439655172413796], "rec": [0.5, 0.5, 0.5, 0.5, 0.5]}, "Stability": {"f1": [0.38123167155425225, 0.39097744360902253, 0.3664596273291925, 0.2440962621607783, 0.4409638554216868], "prec": [0.3080568720379147, 0.32098765432098764, 0.28921568627450983, 0.36859278595158995, 0.39439655172413796], "rec": [0.5, 0.5, 0.5, 0.36016414141414144, 0.5]}}