{"Entail-Prev": {"f1": [0.7365222138456339, 0.6754955570745045, 0.7670790552552335, 0.570259326268631, 0.7465459897173903], "prec": [0.7319889131187967, 0.683548434950304, 0.7883171893979506, 0.5974025974025974, 0.7425772880318335], "rec": [0.7418827029324266, 0.669860794596524, 0.7530617823947512, 0.5751173708920188, 0.7508970029548332]}, "Entail-Raw": {"f1": [0.6039749577660737, 0.5953978906999042, 0.6068042487525744, 0.5757942118331194, 0.5864924899513434], "prec": [0.6006024096385543, 0.5985241554248818, 0.610564341154629, 0.5786749482401656, 0.5935923024779695], "rec": [0.6135571610709732, 0.6173086955327971, 0.6351284855112083, 0.5750782472613458, 0.6311339172646686]}, "LLM-Judge": {"f1": [0.27611664820967147, 0.41294964028776976, 0.4161931818181818, 0.3648648648648649, 0.43725743855109955], "prec": [0.4713672768878719, 0.35171568627450983, 0.3564476885644769, 0.2872340425531915, 0.38850574712643676], "rec": [0.4889048991354467, 0.5, 0.5, 0.5, 0.5]}, "ROSCOE-LI-Self": {"f1": [0.6756722549479759, 0.6500258313619924, 0.6423493208828522, 0.5790814334204439, 0.6625900077545142], "prec": [0.6744402789704065, 0.6486734006734007, 0.6389778007227671, 0.6979970708150259, 0.6909251821090612], "rec": [0.6769868253293667, 0.6515471843167403, 0.6471842536905412, 0.597848200312989, 0.6479791051076403]}, "ROSCOE-LI-Self-Contra": {"f1": [0.5701805474665114, 0.579510646935085, 0.5980996476352514, 0.5159791370317686, 0.5920599431989848], "prec": [0.6055555555555556, 0.7131625131625132, 0.7543802253725918, 0.6543357199681782, 0.5938611369480769], "rec": [0.5678283042923926, 0.5833722303066912, 0.5956533624931657, 0.556924882629108, 0.5905181511186155]}, "ROSCOE-LI-Source": {"f1": [0.5910353535353535, 0.5645506792058517, 0.5605459250764067, 0.5105566324811814, 0.525576323987539], "prec": [0.59021929458851, 0.5634508860315313, 0.5674838392198089, 0.5359208523592085, 0.5432768905850531], "rec": [0.5919677008074797, 0.5695066033332419, 0.5824767632586112, 0.5253912363067292, 0.5616293794850148]}, "ROSCOE-LI-Source-Contra": {"f1": [0.4300385109114249, 0.4620238448401658, 0.45735836944310704, 0.4577808631262294, 0.45558302777926624], "prec": [0.4227817745803357, 0.465137987012987, 0.4584967320261438, 0.4825959877773349, 0.4521324354657688], "rec": [0.4486825329366766, 0.476414705801598, 0.4722252597047567, 0.4897496087636933, 0.46624366821443647]}, "ReCEval-Inter": {"f1": [0.5906958171109115, 0.5956059366600444, 0.6122630928072244, 0.5211733743672413, 0.646963039545102], "prec": [0.658022468391592, 0.6229502087060227, 0.6202439024390244, 0.6188844346739084, 0.6442166354098029], "rec": [0.5857841053973651, 0.5905796106641773, 0.6078184800437397, 0.5539514866979656, 0.6501292739552553]}, "ReCEval-Inter-Contra": {"f1": [0.4787559715316369, 0.5049659810745288, 0.5082147144572114, 0.4501120628780203, 0.4723198763762797], "prec": [0.4895874617186093, 0.5415591397849462, 0.5400981996726677, 0.4965325627917315, 0.472915386977887], "rec": [0.4938589035274118, 0.5212240191098542, 0.5214324767632587, 0.4984741784037559, 0.48138718868720975]}, "ReCEval-Intra": {"f1": [0.423887587822014, 0.4163208852005532, 0.42005420054200543, 0.3796791443850267, 0.43861740166865315], "prec": [0.3678861788617886, 0.3566350710900474, 0.3621495327102804, 0.30603448275862066, 0.39065817409766457], "rec": [0.5, 0.5, 0.5, 0.5, 0.5]}, "Stability-0.95": {"f1": [0.7486472678931437, 0.6797262078643641, 0.7626143481508323, 0.6077553081703005, 0.7434640522875817], "prec": [0.7583931623931623, 0.6894997746732763, 0.792464212345518, 0.6535044957209404, 0.7452234412630452], "rec": [0.7409052273693157, 0.6731830537327366, 0.745188627665391, 0.6108763693270736, 0.7417686787674124]}, "Stability-0.95-epsilon0.2": {"f1": [0.7293495847265667, 0.6660315971509805, 0.7586657169990503, 0.5874455410331644, 0.743851592241223], "prec": [0.7330820476858345, 0.6819666931007138, 0.7897435897435897, 0.636322463768116, 0.7484816983093505], "rec": [0.7260093497662559, 0.6575052854122622, 0.7409513395297977, 0.5942097026604068, 0.7396317011397213]}, "Stability-0.95-epsilon0.3": {"f1": [0.7256278916060807, 0.6681292674501502, 0.7537772125836437, 0.585730367609953, 0.7358565410078239], "prec": [0.7201609657947686, 0.6852313394683026, 0.7950581395348837, 0.6327565381050029, 0.7456050520566649], "rec": [0.7325116872078198, 0.6591664149803684, 0.7330781848004374, 0.5924491392801252, 0.7277859856479527]}, "Stability-0.95-epsilon0.4": {"f1": [0.72554196238712, 0.6617490955568553, 0.7538178367029996, 0.5754850088183421, 0.7186379928315412], "prec": [0.7361204013377927, 0.6729473039215687, 0.7703048780487805, 0.616043956043956, 0.7256438969764838], "rec": [0.7175308117297068, 0.6549929985447955, 0.7423728813559323, 0.5826291079812207, 0.7126424651751794]}}