{"Entail-Prev": {"f1": [0.5321888998142685, 0.4732359832048011, 0.5233594834651991, 0.49352325040206074, 0.5157317779432448], "prec": [0.5447777777777778, 0.4784422875630412, 0.5557415254237288, 0.5102969842907923, 0.5210596608954835], "rec": [0.5454212454212455, 0.47718391846435837, 0.562055399362228, 0.5128570405898776, 0.5222532011565468]}, "Entail-Raw": {"f1": [0.5978058250996514, 0.5181046638465426, 0.5660576285321078, 0.5988088349393532, 0.5796071695868276], "prec": [0.6098707032481867, 0.5231248217511171, 0.5741174710809733, 0.6038865660506396, 0.6138225533198728], "rec": [0.5981684981684982, 0.5244979555662981, 0.5841462724305149, 0.595694036795762, 0.5844089907751617]}, "LLM-Judge": {"f1": [0.45478307895685616, 0.5628904428904429, 0.5314992025518341, 0.40577877457530065, 0.44142105960850164], "prec": [0.5036532841101369, 0.6714366515837105, 0.6036175927480275, 0.5007066139061617, 0.5431858577124465], "rec": [0.5027807048354993, 0.6639087172831495, 0.5989658489658489, 0.5005044899606498, 0.5352052005012531]}, "Stability-0.95": {"f1": [0.5383764744429882, 0.45531699789820945, 0.5224024189114899, 0.4988800955651784, 0.5163507896924356], "prec": [0.5528145417992963, 0.4614269417244985, 0.5620519713261649, 0.5119481676968308, 0.5199844859965705], "rec": [0.5532967032967033, 0.4591365037162366, 0.5679472422967338, 0.5147791538406471, 0.521061372711001]}}