{"Entail-Prev": {"f1": [0.4055944055944056, 0.4026845637583893, 0.37714285714285717, 0.24554597701149422, 0.28018162393162394], "prec": [0.3411764705882353, 0.33707865168539325, 0.30275229357798167, 0.3885190439812289, 0.47819730485634376], "rec": [0.5, 0.5, 0.5, 0.381151832460733, 0.48214285714285715]}, "LLM-Judge": {"f1": [0.4055944055944056, 0.4026845637583893, 0.37714285714285717, 0.24042074979771644, 0.4444444444444445], "prec": [0.3411764705882353, 0.33707865168539325, 0.30275229357798167, 0.41583333333333333, 0.4], "rec": [0.5, 0.5, 0.5, 0.4294938917975567, 0.5]}, "Stability": {"f1": [0.5841538461538461, 0.4981203007518797, 0.49862892525431224, 0.28775639287973254, 0.44911690496215306], "prec": [0.6887680094089973, 0.568803803160735, 0.6592105263157895, 0.4164244186046512, 0.5454545454545454], "rec": [0.6822051936994465, 0.5683908045977011, 0.5959302325581395, 0.39296102385107623, 0.5663265306122449]}}