{"Entail-Prev": {"f1": [0.45004643244079867, 0.48072383949645947, 0.5729923471858955, 0.5292131036811887, 0.5661924282613938], "prec": [0.4643425238600212, 0.4824175824175824, 0.6338193969772917, 0.5295320308950477, 0.579332766164317], "rec": [0.4702433628318584, 0.48557518932564014, 0.6882478632478632, 0.5290178571428572, 0.5964037808300103]}}