{"Entail-Prev": {"f1": [0.4588744588744589, 0.3666666666666667, 0.4428044280442804, 0.47280334728033474, 0.4660831509846827], "prec": [0.424, 0.2894736842105263, 0.3973509933774834, 0.44841269841269843, 0.4364754098360656], "rec": [0.5, 0.5, 0.5, 0.5, 0.5]}}