{"Entail-Prev": {"f1": [0.5448179271708684, 0.5389527458492976, 0.45378151260504196, 0.6972972972972973, 0.647307924984876], "prec": [0.5727272727272728, 0.6257142857142857, 0.4909090909090909, 0.7325203252032519, 0.7375886524822695], "rec": [0.5472813238770686, 0.5594594594594595, 0.421875, 0.6911764705882353, 0.6288461538461538]}, "Entail-Raw": {"f1": [0.7075, 0.6922832645284218, 0.3548872180451128, 0.7543859649122806, 0.7476190476190476], "prec": [0.7196969696969697, 0.6944444444444444, 0.5147058823529411, 0.8095238095238095, 0.7442028985507246], "rec": [0.7742316784869976, 0.7128378378378378, 0.7421875, 0.7433155080213903, 0.8240384615384615]}, "LLM-Judge": {"f1": [0.4604630843162954, 0.4904780411970463, 0.4715447154471545, 0.6654719235364397, 0.7114337568058076], "prec": [0.5295698924731183, 0.5079051383399209, 0.4915254237288136, 0.7955082742316785, 0.8315602836879432], "rec": [0.5065011820330969, 0.5054054054054055, 0.453125, 0.6671122994652406, 0.6798076923076923]}, "Stability": {"f1": [0.6823069403714566, 0.7121212121212122, 0.5197044334975369, 0.7666666666666666, 0.7389162561576355], "prec": [0.7115384615384616, 0.7167487684729064, 0.5384615384615384, 0.7836257309941521, 0.7271959459459459], "rec": [0.6690307328605201, 0.7378378378378379, 0.90625, 0.7593582887700534, 0.7586538461538461]}, "Stability-0.95": {"f1": [0.6227381358825538, 0.7304054054054054, 0.4841269841269841, 0.7666666666666666, 0.749247311827957], "prec": [0.6616161616161615, 0.7304054054054054, 0.5294117647058824, 0.7836257309941521, 0.734920634920635], "rec": [0.6134751773049645, 0.7304054054054054, 0.875, 0.7593582887700534, 0.7846153846153847]}}