{"Entail-Prev": {"f1": [0.6269132653061225, 0.49626769626769623, 0.5815358067299397, 0.5641512418921056, 0.6792792792792792], "prec": [0.6269132653061225, 0.5441919191919191, 0.6318922305764412, 0.6289868667917449, 0.8449074074074074], "rec": [0.6269132653061225, 0.511969904240766, 0.5923245614035088, 0.5705128205128205, 0.6516282225237449]}, "Entail-Raw": {"f1": [0.656084656084656, 0.6684426684426684, 0.6376089663760898, 0.7488794391449258, 0.7698275862068966], "prec": [0.6808712121212122, 0.6847826086956521, 0.646780303030303, 0.7559840425531915, 0.7589098532494759], "rec": [0.7436224489795918, 0.8313953488372092, 0.6359649122807017, 0.7961538461538462, 0.8351424694708276]}, "LLM-Judge": {"f1": [0.7115056333219529, 0.49626769626769623, 0.4544146500981033, 0.5133368662780428, 0.691043739875029], "prec": [0.7307692307692308, 0.5441919191919191, 0.4926829268292683, 0.637987012987013, 0.9085365853658536], "rec": [0.6989795918367347, 0.511969904240766, 0.49605263157894736, 0.5435897435897437, 0.6590909090909091]}, "Stability": {"f1": [0.6167649320687003, 0.5772913816689467, 0.7405029427501337, 0.7127016129032258, 0.6621378621378622], "prec": [0.6347248576850095, 0.5772913816689467, 0.7431972789115646, 0.7095734126984127, 0.715587044534413], "rec": [0.6811224489795918, 0.5772913816689467, 0.7508771929824561, 0.7166666666666667, 0.644504748982361]}, "Stability-0.95": {"f1": [0.6299171842650104, 0.5697577276524646, 0.729631217838765, 0.6843076923076923, 0.6758673567184206], "prec": [0.6428571428571428, 0.5683006535947712, 0.7310799319727892, 0.6797619047619048, 0.7121621621621621], "rec": [0.6913265306122449, 0.5714774281805746, 0.7383771929824561, 0.6935897435897436, 0.6597693351424695]}}