{"Entail-Prev": {"f1": [0.516085626911315, 0.3181818181818182, 0.5447498238195913, 0.3969951617010441, 0.5511887960047769], "prec": [0.5528571428571428, 0.5238095238095238, 0.66, 0.4767206477732794, 0.5764798323729701], "rec": [0.5662686567164179, 0.6875, 0.7166666666666667, 0.46530920060331826, 0.5565015479876161]}, "Entail-Raw": {"f1": [0.5334685598377282, 0.25951219512195123, 0.5369175627240144, 0.5536037199690003, 0.6221033868092691], "prec": [0.550545799715235, 0.5208333333333334, 0.618840579710145, 0.6170634920634921, 0.6588541666666667], "rec": [0.5635820895522388, 0.640625, 0.6708333333333334, 0.6779788838612368, 0.6652476780185759]}, "Stability": {"f1": [0.4854119425547997, 0.3717805151175812, 0.7373271889400922, 0.39756367663344405, 0.6267250404492243], "prec": [0.4852941176470588, 0.5277777777777778, 0.7708333333333333, 0.4403940886699508, 0.625328330206379], "rec": [0.4856716417910448, 0.734375, 0.7166666666666667, 0.40874811463046756, 0.6292569659442725]}}