{"Entail-Prev": {"f1": [0.530278232405892, 0.5272830081990387, 0.5653676064123825, 0.5046311082721175, 0.5851996762007555], "prec": [0.5307826520438684, 0.5367445054945055, 0.5771271063033077, 0.5079365079365079, 0.6086366538952745], "rec": [0.529874213836478, 0.5292849811837154, 0.561967240514792, 0.5066273932253313, 0.5813605930176948]}, "Entail-Raw": {"f1": [0.5065549108102299, 0.5847578347578348, 0.5391443422630947, 0.6072814268406767, 0.6330196749358425], "prec": [0.5573093734822729, 0.6062417380309213, 0.5894105894105894, 0.6238576929708604, 0.6641025641025642], "rec": [0.595145944202548, 0.6264796442011632, 0.6196724051479191, 0.6586892488954345, 0.6989478718316595]}, "Stability": {"f1": [0.5830853174603174, 0.5869132290184922, 0.608936787042289, 0.6054347826086957, 0.6813610358325806], "prec": [0.5782550249647933, 0.5917502787068004, 0.6095572080446172, 0.6022988505747127, 0.6827669902912621], "rec": [0.5985728108369618, 0.5844680123161137, 0.6083486545211432, 0.6179675994108984, 0.6800573888091822]}}