{"Entail-Prev": {"f1": [0.5572916666666666, 0.7029411764705882, 0.4848484848484848, 0.6484742807323453, 0.736], "prec": [0.5735294117647058, 0.7451923076923077, 0.5454545454545454, 0.7577540106951872, 0.8628731343283582], "rec": [0.5566666666666666, 0.6800385109114249, 0.5212121212121212, 0.6324175824175824, 0.697261663286004]}, "Entail-Raw": {"f1": [0.6889076576576576, 0.5864566929133859, 0.7095709570957096, 0.7526932084309133, 0.7676099979343112], "prec": [0.7310090702947846, 0.6496031746031746, 0.7106625258799172, 0.7534965034965035, 0.7555555555555555], "rec": [0.7716666666666667, 0.741976893453145, 0.7242424242424242, 0.8186813186813187, 0.8498985801217038]}, "LLM-Judge": {"f1": [0.5933014354066986, 0.6476744186046511, 0.4435411020776874, 0.5259259259259259, 0.751984126984127], "prec": [0.6442307692307692, 0.7005050505050505, 0.5, 0.75, 0.9264705882352942], "rec": [0.5900000000000001, 0.6274069319640565, 0.5, 0.5505494505494506, 0.7058823529411764]}, "Stability": {"f1": [0.6037296037296037, 0.7817901234567901, 0.6442048517520216, 0.7784715623727434, 0.7083333333333333], "prec": [0.6164079822616408, 0.7720238095238096, 0.6428192898781134, 0.7753623188405797, 0.7351116625310175], "rec": [0.64, 0.7933247753530167, 0.6484848484848484, 0.7818681318681319, 0.6921906693711968]}, "Stability-0.95": {"f1": [0.6037296037296037, 0.7283793347487615, 0.6111190306486102, 0.7463496036712558, 0.721927966101695], "prec": [0.6164079822616408, 0.71, 0.6178571428571429, 0.7495774647887323, 0.7333333333333334], "rec": [0.64, 0.7628369704749679, 0.6090909090909091, 0.7434065934065934, 0.7129817444219066]}}