{"Entail-Prev": {"f1": [0.6957416961886873, 0.704594017094017, 0.7196405044231131, 0.7227221777421937, 0.6957416961886873, 0.704594017094017, 0.7196405044231131, 0.7227221777421937, 0.7305209120685311, 0.6957416961886873, 0.704594017094017, 0.7196405044231131, 0.7227221777421937, 0.7305209120685311, 0.5974264705882353, 0.6688230008984726, 0.5887731481481482, 0.6295176010430248, 0.6097928436911488, 0.7569301546240225, 0.697485493230174, 0.7187113708852839, 0.7390858632456102, 0.6824725661934964, 0.7569301546240225, 0.697485493230174, 0.7187113708852839, 0.7390858632456102, 0.6824725661934964, 0.7569301546240225, 0.697485493230174, 0.7187113708852839, 0.7390858632456102, 0.6824725661934964, 0.6493506493506493, 0.5964523281596452, 0.5213675213675214, 0.4736842105263158, 0.4505494505494505, 0.7396335583413693, 0.7801326785560437, 0.7707029062961267, 0.7766789726912876, 0.7328366229503436, 0.7396335583413693, 0.7801326785560437, 0.7707029062961267, 0.7766789726912876, 0.7328366229503436], "prec": [0.717506576358251, 0.7186142666221182, 0.74539657885594, 0.7386765001003411, 0.717506576358251, 0.7186142666221182, 0.74539657885594, 0.7386765001003411, 0.7736771978681519, 0.717506576358251, 0.7186142666221182, 0.74539657885594, 0.7386765001003411, 0.7736771978681519, 0.5930047694753577, 0.7243589743589745, 0.5862533692722371, 0.6174609084139985, 0.6642459044080391, 0.767493283424397, 0.7013827919227392, 0.7294381327768761, 0.7467931507666608, 0.6950621712099474, 0.767493283424397, 0.7013827919227392, 0.7294381327768761, 0.7467931507666608, 0.6950621712099474, 0.767493283424397, 0.7013827919227392, 0.7294381327768761, 0.7467931507666608, 0.6950621712099474, 0.6666666666666666, 0.6363636363636364, 0.542016806722689, 0.5, 0.45238095238095233, 0.7402848548099945, 0.7957485300768883, 0.7700013537295249, 0.79156223893066, 0.7284315957204643, 0.7402848548099945, 0.7957485300768883, 0.7700013537295249, 0.79156223893066, 0.7284315957204643], "rec": [0.687424145070322, 0.6986979957485575, 0.7145077442521035, 0.7165391425463252, 0.687424145070322, 0.6986979957485575, 0.7145077442521035, 0.7165391425463252, 0.71956375192604, 0.687424145070322, 0.6986979957485575, 0.7145077442521035, 0.7165391425463252, 0.71956375192604, 0.6031746031746031, 0.6484848484848484, 0.5917343526039178, 0.6511377245508982, 0.601123011334096, 0.7574074074074073, 0.702816856930826, 0.7308081043678376, 0.7410547785547785, 0.6846319244044587, 0.7574074074074073, 0.702816856930826, 0.7308081043678376, 0.7410547785547785, 0.6846319244044587, 0.7574074074074073, 0.702816856930826, 0.7308081043678376, 0.7410547785547785, 0.6846319244044587, 0.65, 0.5902255639097744, 0.6136363636363636, 0.45, 0.4583333333333333, 0.7390083048363458, 0.7704972284272359, 0.7714344039194339, 0.7701238390092879, 0.7385026737967915, 0.7390083048363458, 0.7704972284272359, 0.7714344039194339, 0.7701238390092879, 0.7385026737967915]}, "Entail-Raw": {"f1": [0.8196897098760453, 0.8202208545599103, 0.8192557622944343, 0.785192237405892, 0.8196897098760453, 0.8202208545599103, 0.8192557622944343, 0.785192237405892, 0.807404080812617, 0.8196897098760453, 0.8202208545599103, 0.8192557622944343, 0.785192237405892, 0.807404080812617, 0.624759049046905, 0.6105981533520675, 0.5580379041248607, 0.6358992221061186, 0.7049278996865204, 0.8552123552123552, 0.8324817416346573, 0.8330708042816459, 0.8558998558998558, 0.8139091169268928, 0.8552123552123552, 0.8324817416346573, 0.8330708042816459, 0.8558998558998558, 0.8139091169268928, 0.8552123552123552, 0.8324817416346573, 0.8330708042816459, 0.8558998558998558, 0.8139091169268928, 0.6931818181818183, 0.6090225563909775, 0.5252747252747253, 0.4736842105263158, 0.6000000000000001, 0.8014705882352942, 0.8302439024390244, 0.8192651930969689, 0.8439460737333078, 0.813570487483531, 0.8014705882352942, 0.8302439024390244, 0.8192651930969689, 0.8439460737333078, 0.813570487483531], "prec": [0.8132697630982743, 0.8182105396183496, 0.8183220165978786, 0.7823308270676692, 0.8132697630982743, 0.8182105396183496, 0.8183220165978786, 0.7823308270676692, 0.8034709127732385, 0.8132697630982743, 0.8182105396183496, 0.8183220165978786, 0.7823308270676692, 0.8034709127732385, 0.636125196712712, 0.6059384164222874, 0.5578970718722271, 0.6301488833746899, 0.699009324009324, 0.8571168626994294, 0.8380906148867313, 0.8379488158899924, 0.8652166121589535, 0.814778917580474, 0.8571168626994294, 0.8380906148867313, 0.8379488158899924, 0.8652166121589535, 0.814778917580474, 0.8571168626994294, 0.8380906148867313, 0.8379488158899924, 0.8652166121589535, 0.814778917580474, 0.7029411764705882, 0.6090225563909775, 0.5909090909090909, 0.5, 0.8333333333333333, 0.7947530864197531, 0.8254501800720289, 0.8126848399125627, 0.8414794909496527, 0.8024466423737637, 0.7947530864197531, 0.8254501800720289, 0.8126848399125627, 0.8414794909496527, 0.8024466423737637], "rec": [0.8337884629114014, 0.8225876860006074, 0.8203436232738446, 0.7939776146237774, 0.8337884629114014, 0.8225876860006074, 0.8203436232738446, 0.7939776146237774, 0.8138530431432973, 0.8337884629114014, 0.8225876860006074, 0.8203436232738446, 0.7939776146237774, 0.8138530431432973, 0.7746031746031746, 0.6313636363636363, 0.5935260391782131, 0.75125748502994, 0.7130602058854112, 0.856318082788671, 0.8299069995105237, 0.8301767971264635, 0.8562937062937063, 0.8147032196005206, 0.856318082788671, 0.8299069995105237, 0.8301767971264635, 0.8562937062937063, 0.8147032196005206, 0.856318082788671, 0.8299069995105237, 0.8301767971264635, 0.8562937062937063, 0.8147032196005206, 0.6916666666666667, 0.6090225563909775, 0.7954545454545454, 0.45, 0.625, 0.8149120664386907, 0.8364358401588483, 0.830940391943386, 0.8475232198142415, 0.8452168746286393, 0.8149120664386907, 0.8364358401588483, 0.830940391943386, 0.8475232198142415, 0.8452168746286393]}, "Stability-0.95": {"f1": [0.7759174659901216, 0.7873698979226618, 0.7932691158543872, 0.7625688252869878, 0.7759174659901216, 0.7873698979226618, 0.7932691158543872, 0.7625688252869878, 0.7846087720328512, 0.7759174659901216, 0.7873698979226618, 0.7932691158543872, 0.7625688252869878, 0.7846087720328512, 0.6620370370370371, 0.6540987171124157, 0.6471468540568677, 0.6947535771065183, 0.6636263703615675, 0.8316326530612246, 0.7854190198759488, 0.8144927536231884, 0.8390945779961396, 0.7610341839531716, 0.8316326530612246, 0.7854190198759488, 0.8144927536231884, 0.8390945779961396, 0.7610341839531716, 0.8316326530612246, 0.7854190198759488, 0.8144927536231884, 0.8390945779961396, 0.7610341839531716, 0.7349228611500702, 0.7117516629711751, 0.49579831932773105, 0.37499999999999994, 0.5833333333333333, 0.774745247601454, 0.8207746111285104, 0.8146557420377958, 0.8422364902399009, 0.7793003565062389, 0.774745247601454, 0.8207746111285104, 0.8146557420377958, 0.8422364902399009, 0.7793003565062389], "prec": [0.7781344145695064, 0.7891613696157318, 0.80166815942678, 0.7624413401724326, 0.7781344145695064, 0.7891613696157318, 0.80166815942678, 0.7624413401724326, 0.8004846357373012, 0.7781344145695064, 0.7891613696157318, 0.80166815942678, 0.7624413401724326, 0.8004846357373012, 0.680448717948718, 0.6910135841170324, 0.6630808950086058, 0.6916126042632067, 0.7048054919908466, 0.834556126192223, 0.7869202344546382, 0.8132481186874493, 0.843764761454889, 0.7610682702511495, 0.834556126192223, 0.7869202344546382, 0.8132481186874493, 0.843764761454889, 0.7610682702511495, 0.834556126192223, 0.7869202344546382, 0.8132481186874493, 0.843764761454889, 0.7610682702511495, 0.7386363636363636, 0.7840909090909092, 0.5833333333333334, 0.5, 0.5833333333333333, 0.7697829131652661, 0.8240553306342779, 0.8083870967741935, 0.8427521606375822, 0.7694615548003398, 0.7697829131652661, 0.8240553306342779, 0.8083870967741935, 0.8427521606375822, 0.7694615548003398],