{"Entail-Prev": {"f1": [0.6493506493506493, 0.5964523281596452, 0.5213675213675214, 0.4736842105263158, 0.4505494505494505], "prec": [0.6666666666666666, 0.6363636363636364, 0.542016806722689, 0.5, 0.45238095238095233], "rec": [0.65, 0.5902255639097744, 0.6136363636363636, 0.45, 0.4583333333333333]}, "Entail-Raw": {"f1": [0.6931818181818183, 0.6090225563909775, 0.5252747252747253, 0.4736842105263158, 0.6000000000000001], "prec": [0.7029411764705882, 0.6090225563909775, 0.5909090909090909, 0.5, 0.8333333333333333], "rec": [0.6916666666666667, 0.6090225563909775, 0.7954545454545454, 0.45, 0.625]}, "LLM-Judge-Old": {"f1": [0.9621318373071529, 0.42222222222222217, 0.7491289198606272, 1.0, 0.37499999999999994], "prec": [0.96875, 0.36538461538461536, 0.7, 1.0, 0.3], "rec": [0.9583333333333333, 0.5, 0.9318181818181819, 1.0, 0.5]}, "Stability": {"f1": [0.5533834586466165, 0.5666666666666667, 0.49579831932773105, 0.4736842105263158, 0.5833333333333333], "prec": [0.5857142857142856, 0.5809523809523809, 0.5833333333333334, 0.5, 0.5833333333333333], "rec": [0.5666666666666667, 0.5639097744360901, 0.7727272727272727, 0.45, 0.5833333333333333]}, "Stability-0.95": {"f1": [0.7349228611500702, 0.7117516629711751, 0.49579831932773105, 0.37499999999999994, 0.5833333333333333], "prec": [0.7386363636363636, 0.7840909090909092, 0.5833333333333334, 0.5, 0.5833333333333333], "rec": [0.7333333333333334, 0.68796992481203, 0.7727272727272727, 0.3, 0.5833333333333333]}}