{"Entail-Prev": {"f1": [0.4744653236273348, 0.45869565217391306, 0.5415746872700515, 0.38333333333333336, 0.55947365683674], "prec": [0.5338314653383147, 0.4583333333333333, 0.553030303030303, 0.48758865248226946, 0.5853994490358128], "rec": [0.5554799183117767, 0.46457489878542507, 0.5389554794520548, 0.47992056487202117, 0.5631481481481482]}, "Entail-Raw": {"f1": [0.4856614246068455, 0.5518750912009339, 0.48541078391824655, 0.53125, 0.5545454545454546], "prec": [0.5328293289146644, 0.602328431372549, 0.565015479876161, 0.597265221878225, 0.5769607843137254], "rec": [0.5539482641252553, 0.6126855600539811, 0.6078767123287672, 0.6663724624889673, 0.5581481481481481]}, "Stability": {"f1": [0.5255219496705565, 0.5895993179880649, 0.68380355276907, 0.5008430206761912, 0.6515837104072397], "prec": [0.5249402628434886, 0.5906896551724138, 0.6797385620915033, 0.5093673218673219, 0.655], "rec": [0.5284206943498979, 0.5887314439946019, 0.6883561643835616, 0.5134598411297441, 0.6492592592592592]}}