{"Entail-Prev": {"f1": [0.41528496157006817, 0.38305744888023363, 0.42857142857142855, 0.44466528752416884, 0.4256943316550268], "prec": [0.6025487256371814, 0.620715350223547, 0.375, 0.6110351636667426, 0.604092813406381], "rec": [0.587962962962963, 0.5833333333333334, 0.5, 0.6053921568627452, 0.5931372549019608]}, "Entail-Raw": {"f1": [0.7743288013966979, 0.7843833185448092, 0.796736491445994, 0.7957957957957958, 0.8444825614636935], "prec": [0.7623774817793415, 0.7702922077922079, 0.7799087704748082, 0.7833333333333333, 0.8240847550239816], "rec": [0.8356481481481481, 0.8425925925925926, 0.8472222222222222, 0.8137254901960784, 0.8848039215686274]}, "LLM-Judge": {"f1": [0.6408612001832341, 0.6865021770682148, 0.7743288013966979, 0.6907978991294338, 0.7669164732094168], "prec": [0.6704347826086956, 0.7015444015444016, 0.7623774817793415, 0.7114084887807515, 0.7540062731679498], "rec": [0.7268518518518519, 0.7685185185185185, 0.8356481481481481, 0.7818627450980392, 0.821078431372549]}, "Stability": {"f1": [0.5988706945228685, 0.665031605562579, 0.6597517753020237, 0.6862364155181834, 0.7049026507154587], "prec": [0.6421676173760421, 0.6988757511145571, 0.6896843428239957, 0.6849877859204975, 0.7139756944444444], "rec": [0.6875, 0.7638888888888888, 0.7523148148148149, 0.7401960784313726, 0.7843137254901961]}, "Stability-0.95": {"f1": [0.5109400769653656, 0.6089275133320166, 0.6326483282870579, 0.6172483455242076, 0.5858234497017448], "prec": [0.5918032786885246, 0.6732157177225341, 0.6545213407282373, 0.6713652727776239, 0.6368624207333885], "rec": [0.6134259259259259, 0.7222222222222222, 0.7060185185185186, 0.7230392156862745, 0.678921568627451]}}