{"Entail-Prev": {"f1": [0.6249316898415205, 0.6479731789088692, 0.6158179848320693, 0.5427659574468084, 0.6039504519584868], "prec": [0.6679885786802031, 0.7095959595959596, 0.6764214046822743, 0.5488038277511962, 0.6972049689440993], "rec": [0.6054360812425329, 0.6204061895551257, 0.5949167791273055, 0.5391705069124424, 0.5817245817245817]}, "Entail-Raw": {"f1": [0.5038819875776397, 0.514375, 0.4611632888449497, 0.42475648305751434, 0.48100856634879585], "prec": [0.5329449961802903, 0.5492424242424242, 0.5060609311306586, 0.4917373630258042, 0.5005165289256198], "rec": [0.5686977299880526, 0.6225822050290135, 0.5127080521817364, 0.4760624679979518, 0.5009652509652509]}, "LLM-Judge": {"f1": [0.7344016995335518, 0.6888888888888889, 0.5949314499376818, 0.5813636363636364, 0.6016030174446015], "prec": [0.7196132596685083, 0.6609547123623011, 0.5884777607361964, 0.5742107421074211, 0.6269585253456221], "rec": [0.7532855436081243, 0.7543520309477756, 0.6050295857988166, 0.5926779313876088, 0.5886422136422136]}, "Stability-0.95": {"f1": [0.6532307865042384, 0.6560846560846562, 0.5876744186046512, 0.5645390070921986, 0.5819418676561534], "prec": [0.6783678756476684, 0.6631578947368422, 0.5909200385356455, 0.5732854864433812, 0.5790649195949971], "rec": [0.6370967741935484, 0.6499032882011606, 0.5849077822762033, 0.5588197644649258, 0.5854247104247103]}, "Stability-1": {"f1": [0.686064755384396, 0.652615367064058, 0.579059829059829, 0.5706293706293707, 0.6252771618625277], "prec": [0.6784153005464482, 0.6448648648648649, 0.579059829059829, 0.5718253968253968, 0.6280201342281879], "rec": [0.695041816009558, 0.6619922630560928, 0.579059829059829, 0.5695084485407066, 0.6227477477477478]}}