{"Entail-Prev": {"f1": [0.5139672131147541, 0.46608946608946605, 0.5259328358208955, 0.46460613955833846, 0.5298245614035088], "prec": [0.5209966777408638, 0.48431324110671936, 0.5303448275862068, 0.48966281073098694, 0.5428921568627452], "rec": [0.5438888888888889, 0.4685643564356436, 0.5699300699300699, 0.47428046540110225, 0.6388888888888888]}, "Entail-Raw": {"f1": [0.4691558441558441, 0.46641548655320253, 0.4970543032786885, 0.4887641500608102, 0.4334481678672095], "prec": [0.5059808612440191, 0.5005827505827506, 0.5390435269942089, 0.5154471544715448, 0.5120370370370371], "rec": [0.5166666666666666, 0.5014851485148515, 0.6328671328671329, 0.5436313533374157, 0.5515873015873016]}, "Stability-0.95": {"f1": [0.5257432922407542, 0.5222381635581061, 0.5949946977730647, 0.4681722258968787, 0.5677419354838709], "prec": [0.523840206185567, 0.5281593406593407, 0.6021671826625387, 0.47441284205990086, 0.5587431693989071], "rec": [0.5308333333333334, 0.5202970297029703, 0.5891608391608392, 0.46364053888548684, 0.5853174603174602]}}