{"Entail-Prev": {"f1": [0.6130652827530092, 0.5654550562740758, 0.5938134927489738, 0.6045847543462199, 0.5762596175205477], "prec": [0.5957108222428557, 0.5588176577638708, 0.5811579278930026, 0.5891687613047252, 0.5676457002441562], "rec": [0.6571549570152035, 0.6119496086105676, 0.6499905963412305, 0.6661992646271374, 0.6293976569872631]}, "Entail-Raw": {"f1": [0.46451605357784587, 0.45249583963403983, 0.4486530382335234, 0.46744382661854134, 0.4391075955521394], "prec": [0.5104074422237662, 0.4965798989703812, 0.49903963023673326, 0.5027875038378388, 0.49346524537002745], "rec": [0.5370274127531236, 0.48959435626102293, 0.4965166412534834, 0.5077225650066108, 0.4804912508556084]}, "LLM-Judge": {"f1": [0.6402660661379851, 0.6152240322958242, 0.6090211581405012, 0.6560438738609267, 0.6102173497946246], "prec": [0.6294925290379448, 0.6039461865098807, 0.6000039726680438, 0.6390480087288598, 0.5980492672556921], "rec": [0.6544276595203581, 0.6326170755847268, 0.621902360598156, 0.6825043035174562, 0.6313352591879313]}, "Stability": {"f1": [0.5863446565856754, 0.582528120966255, 0.5780905064883133, 0.5934205989322312, 0.5752173782390197], "prec": [0.5747107915355254, 0.5713609022556391, 0.5684993624353356, 0.5801123387745569, 0.5659498135599297], "rec": [0.6133941049421929, 0.6160836594911937, 0.6013527834829958, 0.6410530824974119, 0.6179340454136537]}, "Stability-0.95": {"f1": [0.585352147852148, 0.5726937131777164, 0.5981041571493833, 0.6077740282464692, 0.6000540359338961], "prec": [0.5779573763409893, 0.5675201321494941, 0.5903891278842394, 0.5947673396995552, 0.5881059011568103], "rec": [0.5962933553551011, 0.5799902152641878, 0.6090160190580818, 0.6316867168814478, 0.6227056247132344]}}