{"Entail-Prev": {"f1": [0.5389662714400829, 0.5807655585452651, 0.5709293924466338, 0.5947123931869014, 0.5487331992186362], "prec": [0.5413015254787407, 0.5764388489208634, 0.5687494947861935, 0.582395703106913, 0.5503246753246753], "rec": [0.5679633256186576, 0.5866382505559674, 0.642749244712991, 0.6394046220133176, 0.5710499928377023]}, "Entail-Raw": {"f1": [0.5568716997288427, 0.5943562610229277, 0.5650993883792049, 0.5532163742690058, 0.5491412642747954], "prec": [0.5533962264150943, 0.5933224608136269, 0.5604770616380523, 0.5502503944570214, 0.5490506329113924], "rec": [0.5629784582517359, 0.5954410674573758, 0.572129909365559, 0.5573834704269487, 0.5666093682853459]}, "PRM": {"f1": [0.7543228899161103, 0.775609756097561, 0.721522032831788, 0.7144352246393062, 0.7953051643192488], "prec": [0.7266536964980546, 0.7988146551724138, 0.6999667553191489, 0.7053143551963379, 0.7873376623376623], "rec": [0.8007388285561687, 0.7569495922905857, 0.7523917421953676, 0.7248726987857422, 0.804254404813064]}, "ROSCOE-LI-Self": {"f1": [0.5112325440194292, 0.5465391258137373, 0.507442113536062, 0.5292225425074153, 0.5346916146916147], "prec": [0.5113636363636364, 0.5568738229755179, 0.526294498381877, 0.5500775782907444, 0.5427130898021308], "rec": [0.5111269360868791, 0.5419755374351372, 0.5600033568311514, 0.6238934586760674, 0.5643174330325169]}, "ROSCOE-LI-Source": {"f1": [0.5960003800114004, 0.574445350504738, 0.5563736263736263, 0.5591823277283218, 0.5222102176261769], "prec": [0.6035714285714286, 0.600334448160535, 0.551430250783699, 0.5533061879910535, 0.5238095238095238], "rec": [0.5903507210254584, 0.5639362490733877, 0.5660876132930514, 0.5728162945554249, 0.530941125913193]}, "ReCEval-Inter": {"f1": [0.5381231671554252, 0.5404689092762488, 0.49036711471829364, 0.5194968553459121, 0.5266749379652605], "prec": [0.5425062318238472, 0.538439796495195, 0.5050688360450564, 0.5432534678436318, 0.5462184873949579], "rec": [0.5728591774968845, 0.5567086730911787, 0.5101963746223566, 0.6074813944379162, 0.5748460106002005]}, "Stability-0.95": {"f1": [0.5493265799470474, 0.6322463768115942, 0.5763755290496344, 0.5813636632900895, 0.5487331992186362], "prec": [0.5498214865303472, 0.6182283029297955, 0.5694133452754142, 0.5714147051686485, 0.5503246753246753], "rec": [0.5819832650881254, 0.6585433654558932, 0.630077207116482, 0.6152761457109284, 0.5710499928377023]}}