{"Entail-Prev": {"f1": [0.542016806722689, 0.6067632850241547, 0.55116485928954, 0.5770055113288427, 0.5314685314685315], "prec": [0.5615384615384615, 0.6622641509433962, 0.5604231250339914, 0.5770055113288426, 0.5296934865900383], "rec": [0.5355555555555556, 0.5851485148514851, 0.6765734265734266, 0.5770055113288426, 0.5615079365079365]}, "Entail-Raw": {"f1": [0.4217506631299735, 0.5151764519702484, 0.4468322288970087, 0.42489169886430156, 0.3694117647058824], "prec": [0.5076394194041253, 0.5397840295538505, 0.5070153061224489, 0.49854188759278895, 0.47612612612612615], "rec": [0.525, 0.6039603960396039, 0.5244755244755245, 0.49494794856093083, 0.3948412698412698]}, "LLM-Judge": {"f1": [0.5786082474226804, 0.6358665937670859, 0.5988362695975432, 0.6108539094650206, 0.4235033259423503], "prec": [0.5680851063829787, 0.6917277035760449, 0.5890688259109311, 0.5978033472803348, 0.509375], "rec": [0.6066666666666667, 0.6101485148514851, 0.6132352941176471, 0.6324898785425102, 0.56]}, "ROSCOE-LI-Self": {"f1": [0.2663372241629036, 0.2552164307339825, 0.2482980089916506, 0.20215576005453306, 0.2664803167947822], "prec": [0.5511363636363636, 0.5396978021978022, 0.534005376344086, 0.5296046720575023, 0.5028344671201814], "rec": [0.605, 0.5715346534653465, 0.5804195804195804, 0.5504439681567667, 0.5099206349206349]}, "ROSCOE-LI-Self-Contra": {"f1": [0.409881599698703, 0.44575001717858864, 0.384351798972016, 0.3950302797270018, 0.4586235720256339], "prec": [0.5507795488197892, 0.5695399917115623, 0.5335775335775336, 0.537447625698324, 0.5606060606060606], "rec": [0.6619444444444444, 0.7076732673267326, 0.6223776223776224, 0.6313533374157991, 0.7698412698412698]}, "ROSCOE-LI-Source": {"f1": [0.35479464529642113, 0.2940128900949796, 0.31546336206896547, 0.2588672237697307, 0.22146274777853725], "prec": [0.5243589743589744, 0.48863636363636365, 0.5149659863945578, 0.4966379310344828, 0.4925876010781671], "rec": [0.5738888888888889, 0.471039603960396, 0.548951048951049, 0.49104409063074095, 0.47817460317460314]}, "ROSCOE-LI-Source-Contra": {"f1": [0.5057598039215686, 0.510434595524957, 0.5479136087230028, 0.5048387096774194, 0.5298245614035088], "prec": [0.5455128205128205, 0.5622909698996655, 0.5653180354267311, 0.5400845909833702, 0.5428921568627452], "rec": [0.6380555555555556, 0.6844059405940595, 0.7062937062937062, 0.6276791181873851, 0.6388888888888888]}, "ReCEval-Inter": {"f1": [0.21359407632428323, 0.18018018018018017, 0.15552368498755642, 0.14657074951192597, 0.14849498327759195], "prec": [0.5476190476190477, 0.5495049504950495, 0.5196428571428572, 0.5403508771929825, 0.5327868852459017], "rec": [0.5725, 0.5495049504950495, 0.5244755244755245, 0.5387323943661971, 0.5476190476190477]}, "ReCEval-Inter-Contra": {"f1": [0.3878501472501884, 0.4169337606837607, 0.36271911470683965, 0.3892572944297082, 0.42128726664809135], "prec": [0.55482196521264, 0.5640389876880985, 0.5296336206896552, 0.541758972086841, 0.5307486631016043], "rec": [0.6672222222222222, 0.6853960396039603, 0.6048951048951049, 0.6442896509491733, 0.6369047619047619]}, "ReCEval-Intra": {"f1": [0.5155555555555555, 0.5054455445544555, 0.5255281690140844, 0.5054768041237113, 0.45967741935483875], "prec": [0.5155555555555555, 0.5054455445544555, 0.5240043644298963, 0.5186428038777032, 0.4672131147540984], "rec": [0.5155555555555555, 0.5054455445544555, 0.5279720279720279, 0.5076546233925291, 0.4523809523809524]}, "Stability": {"f1": [0.6308338413601572, 0.6372549019607843, 0.651731448763251, 0.5623752698244614, 0.5031779661016949], "prec": [0.627743983073261, 0.6535194174757282, 0.6375000000000001, 0.5668989547038328, 0.5143939393939394], "rec": [0.6341666666666667, 0.6252475247524752, 0.6713286713286714, 0.5587875076546234, 0.5376984126984127]}, "Stability-0.95": {"f1": [0.6427502671891699, 0.6433112120153686, 0.6384976525821597, 0.5535058175137784, 0.4947209653092006], "prec": [0.6466198419666375, 0.6661835748792271, 0.6290234588106929, 0.5535058175137784, 0.5106837606837606], "rec": [0.6391666666666667, 0.6277227722772277, 0.6503496503496504, 0.5535058175137784, 0.5297619047619048]}, "Stability-0.95-epsilon0.2": {"f1": [0.6669444444444445, 0.6258750324086078, 0.6241037376048817, 0.5677163338453661, 0.4787185354691075], "prec": [0.6669444444444445, 0.6323529411764706, 0.619424882629108, 0.5598871930988719, 0.5044871794871795], "rec": [0.6669444444444445, 0.6202970297029703, 0.6293706293706294, 0.58289957134109, 0.5138888888888888]}, "Stability-0.95-epsilon0.3": {"f1": [0.5909943714821764, 0.6358665937670859, 0.6354033873611364, 0.5996974912637563, 0.5120448179271708], "prec": [0.6517857142857143, 0.6917277035760449, 0.6601027397260274, 0.668013468013468, 0.5186688311688311], "rec": [0.5708333333333333, 0.6101485148514851, 0.6188811188811189, 0.5763931414574404, 0.5456349206349207]}, "Stability-0.95-epsilon0.4": {"f1": [0.6229791713662681, 0.6743276283618582, 0.6610915492957746, 0.550714848587189, 0.5120448179271708], "prec": [0.6346469622331691, 0.7019323671497585, 0.6500272776868521, 0.5497644287396938, 0.5186688311688311], "rec": [0.6138888888888889, 0.6551980198019802, 0.6748251748251748, 0.5517452541334966, 0.5456349206349207]}}