{"Entail-Prev": {"f1": [0.6891648805878751, 0.5811374530379583, 0.6167269101333666, 0.6527699530516432, 0.663870778267254], "prec": [0.6685781354795439, 0.5727391874180865, 0.6051542776998597, 0.6340926944226237, 0.6482250755287009], "rec": [0.7274866503755996, 0.633153396311291, 0.7320776326379002, 0.7069090909090909, 0.6904312668463612]}, "Entail-Raw": {"f1": [0.5141970310391363, 0.5607498383968972, 0.5116513453257184, 0.5584871724059793, 0.5026533382697767], "prec": [0.5457905095123552, 0.5712433400914706, 0.5450605680868839, 0.5822608616283315, 0.5447074293228139], "rec": [0.5947597067607928, 0.6699280251911831, 0.62020986813595, 0.6747878787878787, 0.5953099730458221]}, "LLM-Judge": {"f1": [0.6916132820281619, 0.6164408132516614, 0.6716415097895113, 0.7249760153501759, 0.6703580192537595], "prec": [0.6795534665099883, 0.6071428571428572, 0.6484919041312428, 0.7133341983478223, 0.6605571847507331], "rec": [0.7074395872929677, 0.6297715988083415, 0.7151767473534327, 0.7391515151515151, 0.6829919137466307]}, "ROSCOE-LI-Self-Contra": {"f1": [0.4203788748564868, 0.4502936197780611, 0.452866446033949, 0.4440195221445221, 0.46326304106548283], "prec": [0.4604152249134948, 0.4862487296747967, 0.4957912860490698, 0.46170513707905747, 0.4856254856254856], "rec": [0.42234591365734453, 0.46753636227320433, 0.4891041911719185, 0.4383030303030303, 0.47407008086253366]}, "ROSCOE-LI-Source-Contra": {"f1": [0.5091681574239714, 0.4880027179683187, 0.5022653525856787, 0.4852425180598556, 0.49103959842053935], "prec": [0.5112014603385331, 0.48730314960629917, 0.5022489199266142, 0.4846153846153846, 0.4924278654551252], "rec": [0.5091637252240021, 0.4903283850652272, 0.5023525041787903, 0.4883636363636364, 0.4948787061994609]}, "ReCEval-Inter": {"f1": [0.33843941180514064, 0.31529769665362883, 0.2558368869936034, 0.3565282454171343, 0.34938175810973165], "prec": [0.5265985532499076, 0.5545086492454914, 0.5306649508162042, 0.5619192860572171, 0.5497491638795986], "rec": [0.5455923612996652, 0.6110361373519269, 0.553844487092181, 0.6063030303030303, 0.5833962264150944]}, "ReCEval-Inter-Contra": {"f1": [0.4218523543231527, 0.44181308887191245, 0.42054234206938335, 0.44120234722457646, 0.43759393115293777], "prec": [0.4745115797645232, 0.48718944099378886, 0.4805303527388737, 0.4701210678807947, 0.46846043165467627], "rec": [0.4465109964702688, 0.46783625730994155, 0.4467281619513403, 0.44399999999999995, 0.44091644204851754]}, "ReCEval-Intra": {"f1": [0.5655371124334482, 0.5587200678109769, 0.525462962962963, 0.5727564102564102, 0.5457875457875457], "prec": [0.5749576988155668, 0.5543953827535917, 0.5338867098421964, 0.6232098765432099, 0.5791534391534392], "rec": [0.5601411892478958, 0.5657144999250262, 0.5229988237479106, 0.5604848484848485, 0.5403234501347709]}, "Stability-0.95": {"f1": [0.6760331516802907, 0.6024355486461977, 0.6446045382748392, 0.6162951631701632, 0.6382355784501927], "prec": [0.6564497002437578, 0.5895724115334207, 0.6243144019815994, 0.6040506786240935, 0.6418413597733711], "rec": [0.7149289528464114, 0.6639676113360324, 0.760988670835139, 0.6676363636363636, 0.6349595687331536]}}