{"Entail-Prev": {"f1": [0.766307139188495, 0.746775715633847, 0.688414315569488, 0.7157070113591852, 0.7609649122807018], "prec": [0.7372199114450557, 0.7874149659863946, 0.6605320304017372, 0.7157070113591852, 0.7666119157831865], "rec": [0.8147587680256365, 0.719236471460341, 0.7481537428667338, 0.7157070113591852, 0.7557656496203982]}, "Entail-Raw": {"f1": [0.6441999721487258, 0.6703663793103448, 0.5657318660513548, 0.5883854137129246, 0.65153452685422], "prec": [0.6304565478574289, 0.7077702702702703, 0.5599340866290019, 0.5855263157894737, 0.6752417442072615], "rec": [0.7319743635392559, 0.6481653076352853, 0.606831151393085, 0.5916568742655699, 0.6375877381463974]}, "PRM": {"f1": [0.7582773400213367, 0.7810800310800312, 0.721522032831788, 0.693289384719405, 0.7897202700840568], "prec": [0.7284313725490197, 0.7957516339869282, 0.6999667553191489, 0.7105964525319364, 0.7796677740863787], "rec": [0.8111091329891401, 0.7683469236471461, 0.7523917421953676, 0.6795142969056013, 0.8014611087236785]}, "ROSCOE-LI-Self": {"f1": [0.5780245296499167, 0.6002301356589148, 0.5927091381611294, 0.577527095775271, 0.6092677595628415], "prec": [0.5801435406698565, 0.5954501915708812, 0.5826740506329113, 0.5766312056737589, 0.6532931354359925], "rec": [0.6491009435641801, 0.6846738324684951, 0.6578549848942599, 0.6692910301605954, 0.5946855751325024]}, "ROSCOE-LI-Source": {"f1": [0.6556831683168317, 0.6237535014005602, 0.6128691983122363, 0.5731136956251811, 0.6520497311827957], "prec": [0.6385281385281385, 0.6108549766917678, 0.5972264169938588, 0.5656370656370656, 0.6926424870466321], "rec": [0.7392736336122485, 0.7005189028910304, 0.6620929842228935, 0.6171954563258911, 0.633147113594041]}, "ReCEval-Inter": {"f1": [0.616408774294111, 0.5831493016951217, 0.6006863073317711, 0.5649494205131641, 0.6154233870967742], "prec": [0.6054521276595745, 0.5814968413946087, 0.5891332752613241, 0.5599696356275304, 0.6474611398963731], "rec": [0.6764732063379029, 0.6565974796145293, 0.6717438737831487, 0.6113983548766158, 0.6019194957742444]}, "Stability-0.95": {"f1": [0.766307139188495, 0.746775715633847, 0.688414315569488, 0.7157070113591852, 0.7609649122807018], "prec": [0.7372199114450557, 0.7874149659863946, 0.6605320304017372, 0.7157070113591852, 0.7666119157831865], "rec": [0.8147587680256365, 0.719236471460341, 0.7481537428667338, 0.7157070113591852, 0.7557656496203982]}}