{"Entail-Prev": {"f1": [0.5341435185185185, 0.6956521739130435, 0.5751031913822612, 0.5787303413885692, 0.5981230098877157], "prec": [0.5925878757004586, 0.673852957435047, 0.5746463714637147, 0.5756464331560609, 0.5932760364004044], "rec": [0.5323571301406445, 0.7331356560415123, 0.6629741524001342, 0.6615746180963573, 0.6057155135367426]}, "Entail-Raw": {"f1": [0.4432112467628561, 0.5515966386554622, 0.4627362257120043, 0.47509073851198313, 0.48808265821298574], "prec": [0.4821428571428571, 0.5531222785717944, 0.501417004048583, 0.5225840336134453, 0.496979006656426], "rec": [0.46385971158981665, 0.5960896960711638, 0.5035246727089627, 0.5606345475910693, 0.4957742443775963]}, "LLM-Judge": {"f1": [0.666348210762425, 0.6834329746246844, 0.609656030644189, 0.6432355046528275, 0.6131907308377897], "prec": [0.6567181647940075, 0.7185812931575644, 0.6022678029755886, 0.6308418158852812, 0.6143781240811526], "rec": [0.6787876090439736, 0.6613232023721275, 0.6195542046605876, 0.6608512970405553, 0.6120714491501008]}, "ROSCOE-LI-Self": {"f1": [0.3830914488331822, 0.3304557772850456, 0.3109442190055115, 0.26641847438003924, 0.5217073332890101], "prec": [0.5745394473368042, 0.5322164308761479, 0.5492200328407225, 0.5205802968960864, 0.6118881118881119], "rec": [0.632544062666904, 0.5601371386212008, 0.6006210137630077, 0.5382295338817078, 0.6833548202263287]}, "ROSCOE-LI-Self-Contra": {"f1": [0.4880610076259533, 0.5123315535214847, 0.42978512396694213, 0.4489024057394627, 0.5654485049833887], "prec": [0.5710034013605443, 0.5937463742893607, 0.5560900372610104, 0.5607658157602664, 0.5914446721311475], "rec": [0.6560886594267403, 0.7246108228317272, 0.6541205102383351, 0.6715628672150411, 0.6534164159862483]}, "ROSCOE-LI-Source": {"f1": [0.39256665768920007, 0.40035989286909945, 0.3457169124995004, 0.3085752006984519, 0.39816968458578794], "prec": [0.5184459401891455, 0.5266188788659794, 0.5008487604893985, 0.5094282238442822, 0.5095238095238095], "rec": [0.5385437066049493, 0.5612490733876946, 0.5022239006377979, 0.5218566392479436, 0.5148975791433892]}, "ROSCOE-LI-Source-Contra": {"f1": [0.5654819863680622, 0.5817805383022774, 0.5622664228187157, 0.5353812568220802, 0.6043342814574021], "prec": [0.5823913043478262, 0.6018507169996323, 0.5742063492063492, 0.5552963430012611, 0.6050778354336546], "rec": [0.6686843510770875, 0.731004447739066, 0.6804716347767708, 0.6374069721895809, 0.6624409110442631]}, "ReCEval-Inter": {"f1": [0.28430055842228036, 0.27813852813852813, 0.21455323702514717, 0.20383929795694503, 0.37122886797616794], "prec": [0.5458041958041958, 0.5703703703703704, 0.5318484042553192, 0.5297065611605671, 0.5978317659352143], "rec": [0.5583051450952465, 0.5915492957746479, 0.5401980530379322, 0.5352918135526831, 0.6072912190230626]}, "ReCEval-Inter-Contra": {"f1": [0.4590217391304348, 0.4774224343675418, 0.39859263543474066, 0.44189837598425197, 0.5473400319816701], "prec": [0.5753968253968254, 0.5888492770845712, 0.5491431291653444, 0.563072527103118, 0.5863697705802969], "rec": [0.6598273099519316, 0.7078391401037806, 0.6299513259483048, 0.6763807285546416, 0.6466838561810628]}, "ReCEval-Intra": {"f1": [0.5499999999999999, 0.5489224137931035, 0.5483228534986239, 0.6225607245780156, 0.5711475409836065], "prec": [0.5612490957318543, 0.5613305613305614, 0.5521313364055299, 0.6294173829990449, 0.6027365491651206], "rec": [0.5452198682570767, 0.5437361008154188, 0.5455689828801611, 0.6167645906776341, 0.5634579573127059]}, "Stability-0.95": {"f1": [0.6742857142857143, 0.7275635072948266, 0.6091586794462194, 0.589074880621294, 0.6019662921348314], "prec": [0.6536354581673307, 0.707221350078493, 0.5944915254237289, 0.5795496493170912, 0.6001102383905195], "rec": [0.7196902260993412, 0.7568569310600445, 0.668429003021148, 0.6519388954171563, 0.6040681850737717]}, "Stability-0.95-epsilon0.2": {"f1": [0.5792395143815489, 0.6585012545590936, 0.6006647885644443, 0.5667842741935484, 0.5903272701485658], "prec": [0.6372053872053872, 0.6814758149935272, 0.5876237152645604, 0.5638028443405416, 0.5894662921348315], "rec": [0.5652928609578066, 0.6428836174944403, 0.6545401141322591, 0.6282804543674109, 0.5912476722532588]}, "Stability-0.95-epsilon0.3": {"f1": [0.5220689655172415, 0.645486001887386, 0.5794291723403395, 0.5628203214410111, 0.6018668831168831], "prec": [0.6045751633986928, 0.6700680272108843, 0.5739674593241552, 0.5613759251447635, 0.5973025048169557], "rec": [0.5256364607441695, 0.6297257227575982, 0.6487915407854985, 0.6253819036427732, 0.6085088096261281]}, "Stability-0.95-epsilon0.4": {"f1": [0.5605390483540622, 0.6649888929505385, 0.5751031913822612, 0.5756332783983398, 0.5981916188488958], "prec": [0.6077441077441077, 0.717391304347826, 0.5746463714637147, 0.5722263868065967, 0.5956439393939393], "rec": [0.551272921488339, 0.6385285396590067, 0.6629741524001342, 0.6509596553074815, 0.6012748889843862]}}