{"Entail-Prev": {"f1": [0.3675126645113662, 0.29419169214170116, 0.3919325707405178, 0.3744282744282745, 0.41661991584852737], "prec": [0.38249845392702536, 0.33820662768031184, 0.4091636654661865, 0.3820934825543121, 0.4281499479347449], "rec": [0.4064223798266351, 0.369701726844584, 0.43323529411764705, 0.41385281385281386, 0.4467592592592593]}, "Entail-Raw": {"f1": [0.42753641045861157, 0.3269745052594045, 0.39312450748620964, 0.45207733443027565, 0.41924899744804955], "prec": [0.43516517443655445, 0.35370370370370374, 0.3944466720128308, 0.45297805642633227, 0.4208976157082749], "rec": [0.4379432624113475, 0.3449764521193093, 0.3967647058823529, 0.4538239538239538, 0.42746913580246915]}, "LLM-Judge": {"f1": [0.36181736121558594, 0.3568527155107567, 0.4164157771492869, 0.3289473684210526, 0.3468634686346863], "prec": [0.593040293040293, 0.6848341232227488, 0.6656354117087102, 0.25125628140703515, 0.26857142857142857], "rec": [0.5125098502758078, 0.5476190476190477, 0.5341176470588235, 0.47619047619047616, 0.4895833333333333]}, "Stability-0.95": {"f1": [0.4075342465753425, 0.3563619043495205, 0.43791127844164346, 0.4385416666666666, 0.4086021505376344], "prec": [0.4098124098124098, 0.36930852871219844, 0.4388828926065839, 0.441343669250646, 0.4098557692307692], "rec": [0.41633199464524767, 0.35809813687511527, 0.4417438271604938, 0.43985161632220454, 0.4078947368421053]}}