{"Entail-Prev": {"f1": [0.3718623481781377, 0.3676630434782609, 0.3945564516129032, 0.3748416624289215, 0.4123076923076923], "prec": [0.5519732205778718, 0.5126644736842105, 0.5374358974358975, 0.4782608695652174, 0.5633384146341464], "rec": [0.5173274596182085, 0.5050458715596331, 0.5146473221176108, 0.4928050621526997, 0.526025681177576]}, "Entail-Raw": {"f1": [0.3758278145695364, 0.3784722222222222, 0.3647469458987783, 0.35045871559633024, 0.36331569664903], "prec": [0.3010610079575597, 0.30446927374301674, 0.28708791208791207, 0.269774011299435, 0.2853185595567867], "rec": [0.5, 0.5, 0.5, 0.5, 0.5]}, "LLM-Judge": {"f1": [0.37499999999999994, 0.3780487804878048, 0.36331569664903, 0.34990791896869244, 0.36331569664903], "prec": [0.3, 0.30392156862745096, 0.2853185595567867, 0.26912181303116145, 0.2853185595567867], "rec": [0.5, 0.5, 0.5, 0.5, 0.5]}, "ROSCOE-LI-Self": {"f1": [0.630305554832383, 0.627668759811617, 0.5895040625138747, 0.5865865865865866, 0.5702380952380952], "prec": [0.7375897280355879, 0.7445009460737937, 0.672197933227345, 0.7118644067796611, 0.6864527629233512], "rec": [0.6380323054331865, 0.6354849279161205, 0.6069918197252662, 0.6184434522853564, 0.5982774819918573]}, "ROSCOE-LI-Source": {"f1": [0.3758278145695364, 0.3784722222222222, 0.3647469458987783, 0.35045871559633024, 0.36331569664903], "prec": [0.3010610079575597, 0.30446927374301674, 0.28708791208791207, 0.269774011299435, 0.2853185595567867], "rec": [0.5, 0.5, 0.5, 0.5, 0.5]}, "ReCEval-Inter": {"f1": [0.3758278145695364, 0.3784722222222222, 0.3647469458987783, 0.35045871559633024, 0.36331569664903], "prec": [0.3010610079575597, 0.30446927374301674, 0.28708791208791207, 0.269774011299435, 0.2853185595567867], "rec": [0.5, 0.5, 0.5, 0.5, 0.5]}, "ReCEval-Intra": {"f1": [0.3758278145695364, 0.3784722222222222, 0.3647469458987783, 0.35045871559633024, 0.36331569664903], "prec": [0.3010610079575597, 0.30446927374301674, 0.28708791208791207, 0.269774011299435, 0.2853185595567867], "rec": [0.5, 0.5, 0.5, 0.5, 0.5]}, "Stability-0.95": {"f1": [0.53559990145356, 0.5416853200128806, 0.5079409432466111, 0.4823527531622811, 0.5177057739557739], "prec": [0.5649535510937969, 0.5509376663222817, 0.5238469272338822, 0.48882352941176466, 0.5327014972921312], "rec": [0.5636563876651982, 0.5533093053735256, 0.5234295415959254, 0.48901487167956825, 0.5321484497337926]}}