{"Entail-Prev": {"f1": [0.5199146844716465, 0.5344424638542286, 0.5853260869565218, 0.5433346597692001, 0.5455205386868257], "prec": [0.5207573421577107, 0.5405844155844156, 0.6204641350210971, 0.5597029702970298, 0.5597254087912888], "rec": [0.5202464788732395, 0.5439404084365584, 0.5967796610169491, 0.5529760597408302, 0.5522959183673469]}, "Entail-Raw": {"f1": [0.5161018192488263, 0.5186288976977904, 0.5197480606783437, 0.5671252666388271, 0.47150656067426494], "prec": [0.5161018192488263, 0.563768115942029, 0.5336771844660194, 0.5807181363111282, 0.47148702211993354], "rec": [0.5161018192488263, 0.563525276196853, 0.5292655367231638, 0.573665714913244, 0.4715561224489796]}, "PRM": {"f1": [0.5132614398134655, 0.5313795853269536, 0.5889949628208204, 0.5817033208337556, 0.5438637361455823], "prec": [0.5134782608695653, 0.5355312208760484, 0.5949306930693069, 0.5947403589156166, 0.6050389660680575], "rec": [0.5136443661971831, 0.538290927351858, 0.5902824858757062, 0.5871952558752471, 0.5691964285714286]}, "ROSCOE-LI-Self": {"f1": [0.5342687066652563, 0.5603864734299517, 0.5178144428503109, 0.5266754435458592, 0.5054686126252858], "prec": [0.5441671865252651, 0.560644399460189, 0.5365936147186148, 0.6317460317460317, 0.5407690938223251], "rec": [0.5389524647887324, 0.5601774355540676, 0.5305649717514125, 0.5729189545354711, 0.5292091836734694]}, "ROSCOE-LI-Source": {"f1": [0.453439845073832, 0.47626208378088075, 0.4842012196959803, 0.4829003241861103, 0.38595779220779225], "prec": [0.457846428419666, 0.47754749568221067, 0.5019556714471969, 0.4956499874277093, 0.38629426129426125], "rec": [0.4636150234741784, 0.476606963508537, 0.5015819209039548, 0.49620030748956734, 0.4049744897959184]}, "ReCEval-Inter": {"f1": [0.4714546561168593, 0.47991116495053504, 0.49276926189627435, 0.4745421245421245, 0.38595779220779225], "prec": [0.4723731360536354, 0.48278985507246375, 0.4966902030008826, 0.48761759471141625, 0.38629426129426125], "rec": [0.47370158450704225, 0.4817124204887847, 0.4968926553672316, 0.4893037557654294, 0.4049744897959184]}, "Stability-0.95": {"f1": [0.506928901376256, 0.5344424638542286, 0.5868277659322436, 0.5433346597692001, 0.5455205386868257], "prec": [0.5122005413485234, 0.5405844155844156, 0.6083660130718954, 0.5597029702970298, 0.5597254087912888], "rec": [0.5110768779342723, 0.5439404084365584, 0.5936723163841808, 0.5529760597408302, 0.5522959183673469]}}