{"Entail-Prev": {"f1": [0.42314335060449054, 0.38666666666666666, 0.4335278576198357, 0.45687700367503326, 0.4378355616380672], "prec": [0.4639799635701275, 0.44293900543900544, 0.4638537271448664, 0.4701825951825952, 0.46784220422886524], "rec": [0.47098738262910794, 0.4508285905590894, 0.47096045197740116, 0.4730287722380848, 0.4732780612244898]}, "Entail-Raw": {"f1": [0.6147854036679902, 0.5769909979756213, 0.5701028536076096, 0.5961795606494746, 0.5865477278904841], "prec": [0.6233786776336603, 0.5807486631016043, 0.5787040791501095, 0.6085700757575758, 0.5976307617153425], "rec": [0.6144366197183099, 0.5758285905590894, 0.5731073446327684, 0.6007247968372501, 0.5892219387755102]}, "LLM-Judge": {"f1": [0.5647406688416152, 0.4218025949953661, 0.6112572428834868, 0.539307132459971, 0.5142931392931394], "prec": [0.5904114832535885, 0.4661512928022362, 0.6200343773873186, 0.6054951690821256, 0.5621875000000001], "rec": [0.5866343896713615, 0.4675677937730164, 0.618361581920904, 0.5767406105864266, 0.550765306122449]}, "ROSCOE-LI-Self": {"f1": [0.462157809983897, 0.5204216073781291, 0.4674526008750608, 0.4683391098641141, 0.4349206349206349], "prec": [0.6727707006369427, 0.7213636363636364, 0.7350162866449512, 0.7281816641247246, 0.6327380952380952], "rec": [0.5397960680751174, 0.5611399397388684, 0.5543502824858757, 0.559147814627718, 0.5284438775510204]}, "ROSCOE-LI-Self-Contra": {"f1": [0.49700584601154973, 0.522509681970659, 0.479349609186529, 0.47225862822193104, 0.44470957678680256], "prec": [0.6918204849800942, 0.7403100775193798, 0.7414307004470939, 0.7107682717780894, 0.6316098707403055], "rec": [0.558318661971831, 0.5635671242048879, 0.5610169491525424, 0.5594113771139908, 0.5321428571428571]}, "ROSCOE-LI-Source": {"f1": [0.36501901140684406, 0.39015151515151514, 0.35119047619047616, 0.34204793028322444, 0.35507246376811596], "prec": [0.2874251497005988, 0.3198757763975155, 0.2706422018348624, 0.2599337748344371, 0.2752808988764045], "rec": [0.5, 0.5, 0.5, 0.5, 0.5]}, "ROSCOE-LI-Source-Contra": {"f1": [0.36501901140684406, 0.39015151515151514, 0.35119047619047616, 0.34204793028322444, 0.35507246376811596], "prec": [0.2874251497005988, 0.3198757763975155, 0.2706422018348624, 0.2599337748344371, 0.2752808988764045], "rec": [0.5, 0.5, 0.5, 0.5, 0.5]}, "ReCEval-Inter": {"f1": [0.36501901140684406, 0.39015151515151514, 0.35119047619047616, 0.34204793028322444, 0.35507246376811596], "prec": [0.2874251497005988, 0.3198757763975155, 0.2706422018348624, 0.2599337748344371, 0.2752808988764045], "rec": [0.5, 0.5, 0.5, 0.5, 0.5]}, "ReCEval-Inter-Contra": {"f1": [0.36501901140684406, 0.39015151515151514, 0.35119047619047616, 0.34204793028322444, 0.35507246376811596], "prec": [0.2874251497005988, 0.3198757763975155, 0.2706422018348624, 0.2599337748344371, 0.2752808988764045], "rec": [0.5, 0.5, 0.5, 0.5, 0.5]}, "ReCEval-Intra": {"f1": [0.4077486205632659, 0.36223227938384495, 0.40274940829361605, 0.38216039279869063, 0.42387009863751846], "prec": [0.5519774011299434, 0.520293978188715, 0.5506734006734006, 0.46196881323651945, 0.6140819964349375], "rec": [0.5219336854460094, 0.5089554737194509, 0.5170056497175141, 0.48596529760597407, 0.5387755102040817]}, "Stability-0.95": {"f1": [0.6539530380053256, 0.6171565086949276, 0.6036683904330963, 0.6660624921628306, 0.6226303463576974], "prec": [0.677835380104534, 0.6315040748420697, 0.6448507036896158, 0.6959783913565427, 0.6345108225108225], "rec": [0.6534991197183099, 0.6141195179109474, 0.6147457627118644, 0.6721063035361301, 0.6238520408163265]}, "Stability-0.95-epsilon0.2": {"f1": [0.6604185152321798, 0.605392156862745, 0.5707117365048184, 0.6887574494779765, 0.6306455273481827], "prec": [0.6622014925373134, 0.6047442244224422, 0.5822512612687123, 0.7032354731469777, 0.6359526658689003], "rec": [0.6594410211267605, 0.6062520924004018, 0.5749152542372882, 0.6906654952778388, 0.6304209183673469]}, "Stability-0.95-epsilon0.3": {"f1": [0.6134918143081408, 0.6014035771723769, 0.5075715768896205, 0.6887280701754386, 0.6937984801975903], "prec": [0.6220641986031195, 0.6166543818132444, 0.5122038901082268, 0.6894009216589863, 0.7026053836059278], "rec": [0.6237162558685445, 0.6258369601606963, 0.5121468926553672, 0.6895673182517021, 0.7018494897959184]}, "Stability-0.95-epsilon0.4": {"f1": [0.6430072463768115, 0.5955741626794258, 0.64014116575592, 0.6641010811051297, 0.6572925543666952], "prec": [0.6430883199079401, 0.5980506368437404, 0.6422820335863815, 0.671704488379526, 0.6650684055747347], "rec": [0.645943368544601, 0.6056662202879143, 0.639774011299435, 0.6651877882714694, 0.6646683673469388]}}