{"Entail-Prev": {"f1": [0.8198198198198199, 0.9019607843137254, 0.68, 0.6875, 0.7132616487455198], "prec": [0.9736842105263157, 0.9714285714285714, 0.9615384615384616, 0.8888888888888888, 0.8857142857142857], "rec": [0.75, 0.8571428571428572, 0.625, 0.6666666666666666, 0.6923076923076923]}, "Entail-Raw": {"f1": [0.53125, 0.6448748991121873, 0.4982078853046595, 0.6581196581196582, 0.7150997150997151], "prec": [0.5476190476190477, 0.6401098901098902, 0.532967032967033, 0.6538461538461539, 0.7150997150997151], "rec": [0.6111111111111112, 0.7207792207792207, 0.5833333333333333, 0.6666666666666667, 0.7150997150997151]}, "LLM-Judge": {"f1": [1.0, 0.9540757749712974, 0.68, 0.6307692307692307, 0.7132616487455198], "prec": [1.0, 0.9852941176470589, 0.9615384615384616, 0.8783783783783784, 0.8857142857142857], "rec": [1.0, 0.9285714285714286, 0.625, 0.625, 0.6923076923076923]}, "ROSCOE-LI-Self-Contra": {"f1": [0.4594594594594595, 0.5833333333333333, 0.4520547945205479, 0.40298507462686567, 0.40298507462686567], "prec": [0.4473684210526316, 0.9230769230769231, 0.44594594594594594, 0.34615384615384615, 0.3375], "rec": [0.4722222222222222, 0.5714285714285714, 0.4583333333333333, 0.48214285714285715, 0.5]}, "ROSCOE-LI-Source-Contra": {"f1": [0.3142857142857143, 0.37460913070669166, 0.21269841269841272, 0.37460913070669166, 0.42174732872407283], "prec": [0.564516129032258, 0.609375, 0.42114695340501795, 0.4561128526645768, 0.5166666666666666], "rec": [0.625, 0.6212121212121212, 0.3472222222222222, 0.4583333333333333, 0.5142450142450142]}, "ReCEval-Inter-Contra": {"f1": [0.29292929292929293, 0.39849624060150374, 0.24242424242424243, 0.42464040025015637, 0.42174732872407283], "prec": [0.5625, 0.6129032258064516, 0.484375, 0.5188087774294671, 0.5166666666666666], "rec": [0.6111111111111112, 0.6363636363636364, 0.4722222222222222, 0.5178571428571428, 0.5142450142450142]}, "ReCEval-Intra": {"f1": [0.09090909090909091, 0.14893617021276595, 0.09090909090909091, 0.23076923076923075, 0.24528301886792456], "prec": [0.05, 0.0875, 0.05, 0.15, 0.1625], "rec": [0.5, 0.5, 0.5, 0.5, 0.5]}, "Stability-0.95": {"f1": [1.0, 1.0, 0.68, 0.7849462365591398, 0.9709090909090909], "prec": [1.0, 1.0, 0.9615384615384616, 0.9117647058823529, 0.9821428571428572], "rec": [1.0, 1.0, 0.625, 0.75, 0.9615384615384616]}}