{"Entail-Prev": {"f1": [0.6810631229235882, 0.7878787878787878, 0.6256684491978609, 0.672514619883041, 0.5942028985507246], "prec": [0.8269230769230769, 0.9166666666666667, 0.7727272727272727, 0.8260869565217391, 0.75], "rec": [0.7, 0.75, 0.6875, 0.6923076923076923, 0.6764705882352942]}, "Entail-Raw": {"f1": [0.8398398398398398, 0.9577677224736048, 0.8212005108556832, 0.8155467720685112, 0.7496807151979565], "prec": [0.8583333333333334, 0.9444444444444444, 0.8282051282051281, 0.8388888888888889, 0.7708333333333333], "rec": [0.8372549019607842, 0.975, 0.8333333333333333, 0.8128205128205128, 0.7780748663101604]}, "LLM-Judge": {"f1": [0.7999999999999999, 0.7878787878787878, 0.8212005108556832, 0.7211948790896159, 0.8916129032258064], "prec": [0.8695652173913043, 0.9166666666666667, 0.8529411764705883, 0.8409090909090908, 0.8928571428571428], "rec": [0.8, 0.75, 0.84375, 0.7307692307692308, 0.9117647058823529]}, "Stability-0.95": {"f1": [0.9039039039039038, 1.0, 0.8571428571428571, 0.8095238095238095, 0.7857142857142858], "prec": [0.925, 1.0, 0.875, 0.875, 0.8235294117647058], "rec": [0.9, 1.0, 0.875, 0.8076923076923077, 0.8235294117647058]}}