{"Entail-Prev": {"f1": [0.40476190476190477, 0.1935483870967742, 0.4897959183673469, 0.41860465116279066, 0.41860465116279066], "prec": [0.34, 0.12, 0.48, 0.36, 0.36], "rec": [0.5, 0.5, 0.5, 0.5, 0.5]}, "Entail-Raw": {"f1": [0.7209538305428717, 0.7086247086247086, 0.40476190476190477, 0.7023809523809523, 0.2784380305602716], "prec": [0.7610722610722611, 0.725, 0.5384615384615384, 0.7023809523809523, 0.6458333333333334], "rec": [0.7058823529411764, 0.6973684210526316, 0.75, 0.7023809523809523, 0.5277777777777778]}, "LLM-Judge": {"f1": [0.7083333333333333, 0.4318181818181818, 0.07999999999999999, 0.3842364532019704, 0.5098039215686274], "prec": [0.7131410256410255, 0.38, 0.5208333333333334, 0.6590909090909091, 0.5166666666666666], "rec": [0.7444852941176471, 0.5, 0.5208333333333334, 0.5833333333333334, 0.5198412698412699]}, "Stability": {"f1": [0.9271491015055853, 1.0, 1.0, 1.0, 1.0], "prec": [0.9594594594594594, 1.0, 1.0, 1.0, 1.0], "rec": [0.90625, 1.0, 1.0, 1.0, 1.0]}, "Stability-0.95": {"f1": [1.0, 1.0, 0.1883116883116883, 1.0, 1.0], "prec": [1.0, 1.0, 0.5238095238095238, 1.0, 1.0], "rec": [1.0, 1.0, 0.5833333333333334, 1.0, 1.0]}}