{"Stability-0.95": {"f1": [0.47916666666666663, 0.7072610294117647, 0.7378442171518489, 0.6326836581709145, 0.5508333333333333], "prec": [0.4838280903854675, 0.7820945945945945, 0.7208695652173913, 0.6357142857142857, 0.6857142857142857], "rec": [0.48477263245723823, 0.7108585858585859, 0.7645833333333334, 0.6303921568627451, 0.6944444444444444]}}