{"Entail-Prev": {"f1": [0.5237206743778061, 0.46569174926706686, 0.556502044961922, 0.5374026946107784, 0.5390011223344557], "prec": [0.7706398348813209, 0.7278620352250489, 0.8033268101761253, 0.7858546168958742, 0.7727586206896552], "rec": [0.5978958763656272, 0.5828189300411523, 0.6089494163424125, 0.605072463768116, 0.6018385003604902]}, "Entail-Raw": {"f1": [0.5721331356959979, 0.4936329058620956, 0.5679012345679012, 0.580655138100745, 0.5860360297308268], "prec": [0.645853244132951, 0.5603976801988401, 0.6047700445075147, 0.6441244711341614, 0.649221084080239], "rec": [0.6025433641092004, 0.5462962962962963, 0.5815488891678172, 0.6051845211414911, 0.6080312081573798]}, "LLM-Judge": {"f1": [0.5140090165303055, 0.46714407088238863, 0.5338631381146257, 0.5368192522814248, 0.5180590452261307], "prec": [0.742530993835106, 0.7033791226592367, 0.770336245503267, 0.733098550041259, 0.7486772486772486], "rec": [0.5890924022596621, 0.5797325102880658, 0.5924375549140204, 0.5984797549678769, 0.5871356473375219]}, "ROSCOE-LI-Self": {"f1": [0.5177814684357491, 0.5479539641943734, 0.48663921114097786, 0.5071707953063885, 0.5118110236220472], "prec": [0.7341269841269842, 0.7232142857142857, 0.7103174603174602, 0.7202380952380952, 0.7409274193548387], "rec": [0.5925018042455764, 0.5900205761316872, 0.5838207606376302, 0.5870685791125057, 0.5953882995159131]}, "ROSCOE-LI-Source": {"f1": [0.39639525691699606, 0.3869028757354311, 0.42208543561135026, 0.45278789576912304, 0.4218802487950976], "prec": [0.4325041608564617, 0.43618697478991597, 0.4528927813163482, 0.49982219061166433, 0.444547238575834], "rec": [0.46265833810317797, 0.4567901234567901, 0.4732647169574494, 0.49988794262662484, 0.46180090637552784]}, "ReCEval-Inter": {"f1": [0.4135612216307089, 0.409896614782543, 0.42852617635201296, 0.4775702733923758, 0.4323539732669793], "prec": [0.45049727827119057, 0.47473782698530276, 0.45916372753155144, 0.5299908249866198, 0.4594719821472474], "rec": [0.46990020655501086, 0.4835390946502057, 0.475875486381323, 0.5195353354250709, 0.47240961994026165]}, "ReCEval-Intra": {"f1": [0.3313679245283019, 0.36363636363636365, 0.3118932038834951, 0.3274021352313167, 0.32281553398058255], "prec": [0.24779541446208111, 0.2857142857142857, 0.22663139329805995, 0.24338624338624337, 0.23835125448028674], "rec": [0.5, 0.5, 0.5, 0.5, 0.5]}, "Stability-0.95": {"f1": [0.6956521739130435, 0.6526981265610668, 0.7249144369671907, 0.7094210209087422, 0.6789717348927875], "prec": [0.8000242541838467, 0.7318608394581789, 0.7617355444415197, 0.7444955426630819, 0.7223844357019917], "rec": [0.7154891371973222, 0.6939300411522633, 0.7246516882138823, 0.7151314806514268, 0.6863090946544443]}}