{"Entail-Prev": {"f1": [0.9814757641247298, 0.9814757641247298, 0.9633699633699633, 1.0, 1.0], "prec": [0.9761904761904762, 0.9761904761904762, 0.9545454545454546, 1.0, 1.0], "rec": [0.9875, 0.9875, 0.975, 1.0, 1.0]}, "Entail-Raw": {"f1": [0.7963800904977376, 0.8124467178175618, 0.8124467178175618, 0.8263888888888891, 0.8285714285714285], "prec": [0.8125, 0.8225806451612903, 0.8225806451612903, 0.8236607142857143, 0.8333333333333333], "rec": [0.85, 0.8625, 0.8625, 0.8625, 0.875]}, "LLM-Judge": {"f1": [0.945635759589248, 0.9814757641247298, 1.0, 0.9633699633699633, 0.945635759589248], "prec": [0.9347826086956521, 0.9761904761904762, 1.0, 0.9545454545454546, 0.9347826086956521], "rec": [0.9625, 0.9875, 1.0, 0.975, 0.9625]}, "ROSCOE-LI-Self-Contra": {"f1": [1.0, 0.9282296650717703, 0.9814757641247298, 0.945635759589248, 0.925], "prec": [1.0, 0.9166666666666667, 0.9761904761904762, 0.9347826086956521, 0.925], "rec": [1.0, 0.95, 0.9875, 0.9625, 0.925]}, "ROSCOE-LI-Source-Contra": {"f1": [0.6157059314954052, 0.5666666666666667, 0.47972027972027964, 0.5982142857142858, 0.5165323701028064], "prec": [0.6645123384253819, 0.6375, 0.5888888888888889, 0.7272727272727273, 0.5898587933247754], "rec": [0.675, 0.6375, 0.575, 0.7, 0.5875]}, "ReCEval-Inter-Contra": {"f1": [0.5982142857142858, 0.6499027507641011, 0.5437904815544917, 0.5982142857142858, 0.5822890559732665], "prec": [0.7272727272727273, 0.7439024390243902, 0.7127659574468085, 0.7272727272727273, 0.6915184678522572], "rec": [0.7, 0.7375, 0.6625, 0.7, 0.675]}, "ReCEval-Intra": {"f1": [0.25, 0.25, 0.25, 0.25, 0.25], "prec": [0.16666666666666666, 0.16666666666666666, 0.16666666666666666, 0.16666666666666666, 0.16666666666666666], "rec": [0.5, 0.5, 0.5, 0.5, 0.5]}, "Stability": {"f1": [1.0, 1.0, 1.0, 1.0, 1.0], "prec": [1.0, 1.0, 1.0, 1.0, 1.0], "rec": [1.0, 1.0, 1.0, 1.0, 1.0]}, "Stability-0.95": {"f1": [1.0, 1.0, 1.0, 0.9810066476733144, 1.0], "prec": [1.0, 1.0, 1.0, 0.9878048780487805, 1.0], "rec": [1.0, 1.0, 1.0, 0.975, 1.0]}}