{"Entail-Prev": {"f1": [0.5507060333761233, 0.5485636114911081, 0.6527777777777777, 0.5250320924261873, 0.3922077922077922], "prec": [0.7403846153846154, 0.75, 0.8271604938271604, 0.76875, 0.63125], "rec": [0.611111111111111, 0.5995520159283225, 0.6402116402116402, 0.6063829787234043, 0.5583333333333333]}, "Entail-Raw": {"f1": [0.6416127426580389, 0.675816668736803, 0.6557878633350331, 0.6849999999999999, 0.6052136859255546], "prec": [0.6491585925548189, 0.6755952380952381, 0.6759030183077684, 0.6909739928607853, 0.6269288203086113], "rec": [0.6444444444444444, 0.6762070681931309, 0.708994708994709, 0.6853043047996041, 0.6416666666666666]}, "LLM-Judge": {"f1": [0.6848060344827587, 0.8963000896172065, 0.7947008247060887, 0.5908527345364375, 0.8023000387646984], "prec": [0.8169014084507042, 0.9224137931034483, 0.9144736842105263, 0.7828947368421053, 0.7986560477849677], "rec": [0.7111111111111111, 0.8902439024390244, 0.7592592592592593, 0.648936170212766, 0.8333333333333334]}, "Stability": {"f1": [0.9555555555555556, 0.9665634674922601, 0.8703917050691246, 0.8540965207631874, 0.9614890885750963], "prec": [0.9555555555555556, 0.9659090909090908, 0.8637648388920294, 0.8839285714285714, 0.9761904761904762], "rec": [0.9555555555555556, 0.9693877551020409, 0.8783068783068784, 0.8617021276595744, 0.95]}, "Stability-0.95": {"f1": [0.9777667984189724, 0.9665634674922601, 0.8796612687564997, 0.8770339088312011, 0.9614890885750963], "prec": [0.9787234042553192, 0.9659090909090908, 0.8840144230769231, 0.8981481481481481, 0.9761904761904762], "rec": [0.9777777777777779, 0.9693877551020409, 0.8756613756613756, 0.8829787234042553, 0.95]}}