{"Entail-Prev": {"f1": [0.7037559513313348, 0.6465390279823271, 0.7254004576659039, 0.6703296703296704, 0.6203567337587956], "prec": [0.8359375, 0.782258064516129, 0.8636363636363636, 0.8125, 0.7698412698412698], "rec": [0.7162162162162162, 0.7, 0.71875, 0.7, 0.6847826086956521]}, "Entail-Raw": {"f1": [0.8619607843137256, 0.7120951337818807, 0.882179675994109, 0.824561403508772, 0.8374746054070948], "prec": [0.8615288220551378, 0.734375, 0.8844634628044766, 0.8282828282828283, 0.8523809523809524], "rec": [0.8626649905719673, 0.7285714285714285, 0.8802083333333333, 0.825, 0.8548593350383631]}, "LLM-Judge": {"f1": [0.7836375929682218, 0.8245614035087718, 0.7619047619047619, 0.8465473145780051, 0.7994987468671679], "prec": [0.8644067796610169, 0.8571428571428572, 0.875, 0.8846153846153846, 0.8400000000000001], "rec": [0.7837837837837838, 0.8444444444444444, 0.75, 0.85, 0.8260869565217391]}, "ROSCOE-LI-Self-Contra": {"f1": [0.37877480586712686, 0.33811362382790955, 0.37007874015748027, 0.3543179983857949, 0.31547619047619047], "prec": [0.7721518987341772, 0.46710526315789475, 0.2974683544303797, 0.5, 0.46153846153846156], "rec": [0.5135135135135135, 0.4936507936507936, 0.4895833333333333, 0.5, 0.4961636828644501]}, "ROSCOE-LI-Source-Contra": {"f1": [0.5989974937343359, 0.5786701777485187, 0.6533461723639864, 0.6581737616711506, 0.7124550711048602], "prec": [0.6099290780141844, 0.5890985324947589, 0.6523809523809523, 0.6711652402896643, 0.7253968253968255], "rec": [0.6071653048397234, 0.5809523809523809, 0.65625, 0.6625000000000001, 0.7269820971867007]}, "ReCEval-Inter-Contra": {"f1": [0.6095103133364824, 0.5523370638578011, 0.6465390279823271, 0.6464646464646464, 0.7371303395399782], "prec": [0.63, 0.5611460517120894, 0.6474654377880185, 0.65625, 0.7445003142677562], "rec": [0.6225644248900063, 0.5555555555555556, 0.6458333333333333, 0.65, 0.7487212276214834]}, "ReCEval-Intra": {"f1": [0.3162393162393163, 0.36, 0.28571428571428575, 0.3333333333333333, 0.36507936507936506], "prec": [0.23125, 0.28125, 0.2, 0.25, 0.2875], "rec": [0.5, 0.5, 0.5, 0.5, 0.5]}, "Stability": {"f1": [0.9232736572890026, 0.7727272727272727, 0.9466666666666668, 0.8860579205570502, 0.8374746054070948], "prec": [0.9387755102040816, 0.8301886792452831, 0.9615384615384616, 0.9081632653061225, 0.8617021276595744], "rec": [0.9189189189189189, 0.8, 0.9375, 0.8875, 0.8586956521739131]}, "Stability-0.95": {"f1": [0.9232736572890026, 0.7727272727272727, 0.8901098901098901, 0.8465473145780051, 0.8374746054070948], "prec": [0.9387755102040816, 0.8301886792452831, 0.9285714285714286, 0.8846153846153846, 0.8617021276595744], "rec": [0.9189189189189189, 0.8, 0.875, 0.85, 0.8586956521739131]}, "Stability-bin": {"f1": [0.96201930685235, 0.7727272727272727, 0.9602583209140586, 0.8860579205570502, 0.8749218261413384], "prec": [0.9673913043478262, 0.8301886792452831, 0.9705882352941176, 0.9081632653061225, 0.8863636363636364], "rec": [0.9594594594594594, 0.8, 0.953125, 0.8875, 0.8913043478260869]}, "Stability-bin-0.95": {"f1": [0.9874509803921567, 0.7988686360779385, 0.9602583209140586, 0.8860579205570502, 0.8749218261413384], "prec": [0.986842105263158, 0.8431372549019608, 0.9705882352941176, 0.9081632653061225, 0.8863636363636364], "rec": [0.9883720930232558, 0.8222222222222222, 0.953125, 0.8875, 0.8913043478260869]}}