{"Entail-Prev": {"f1": [0.6237787713197549, 0.6697674498270904, 0.6897020753806327, 0.6692035799369895, 0.6841601808774294], "prec": [0.7770800627943485, 0.8114241001564946, 0.828149300155521, 0.81444099378882, 0.8229329173166926], "rec": [0.6823266219239373, 0.7002487562189055, 0.7076719576719577, 0.6974683544303797, 0.705958549222798]}, "Entail-Raw": {"f1": [0.7262201266231914, 0.7722648868159703, 0.7603686635944701, 0.762519898744748, 0.7668016194331984], "prec": [0.7862816605884998, 0.8167647329552294, 0.8100062205634053, 0.8206860205316251, 0.8042175486205336], "rec": [0.7542191886736251, 0.7796132403310083, 0.7624313548484165, 0.7700578215346148, 0.7693799904883483]}, "LLM-Judge": {"f1": [0.7881876808442234, 0.8454441962539377, 0.8294310212489585, 0.8486247947454844, 0.8623296208435528], "prec": [0.8387715930902111, 0.8834296724470134, 0.8822463768115942, 0.887189292543021, 0.8973128598848368], "rec": [0.8120805369127517, 0.849502487562189, 0.828042328042328, 0.850632911392405, 0.8613989637305699]}, "ROSCOE-LI-Self": {"f1": [0.6393726327352238, 0.6288359735378741, 0.615989058318374, 0.6185888118277336, 0.6141419614009819], "prec": [0.6925, 0.7016666666666667, 0.6983333333333333, 0.6925, 0.6916666666666667], "rec": [0.6463961822917657, 0.6512537813445336, 0.6492013340354572, 0.6443975621190812, 0.6439263097294186]}, "ROSCOE-LI-Source": {"f1": [0.4015798292507779, 0.4126406926406927, 0.4326456146429402, 0.41994393716521883, 0.42565215425652153], "prec": [0.457509088567721, 0.4528685126844636, 0.48173500155962984, 0.4573951167277833, 0.48313157862263845], "rec": [0.4728153063229208, 0.47157428935723394, 0.4900887685247875, 0.4736365057040162, 0.4914457710695602]}, "ReCEval-Inter": {"f1": [0.39395459676407873, 0.41665981789854145, 0.42690909090909085, 0.43268531896419093, 0.4157222522036338], "prec": [0.45152130658265627, 0.46546333300304965, 0.4775375985299095, 0.4901333696243876, 0.46263599923649557], "rec": [0.4703531887116502, 0.4803932598314958, 0.48835226560345046, 0.49456165025785276, 0.48040099121423746]}, "ReCEval-Intra": {"f1": [0.35846030473135526, 0.33444259567387685, 0.32088285229202035, 0.33054393305439334, 0.3254637436762226], "prec": [0.279375, 0.25125, 0.23625, 0.246875, 0.24125], "rec": [0.5, 0.5, 0.5, 0.5, 0.5]}, "Stability-0.95": {"f1": [0.7267550243877525, 0.7731997731997732, 0.7933884297520661, 0.7503170840222857, 0.7750787224471434], "prec": [0.8075035036835518, 0.8408162038706575, 0.8374145539499871, 0.8373659266650038, 0.8452098301008295], "rec": [0.7600306734858135, 0.7835320883022076, 0.7933498833972767, 0.7620878262228473, 0.7802307827088183]}}