{"Entail-Prev": {"f1": [0.4058185515993504, 0.43049959521652886, 0.4502976241628425, 0.4371982541809392, 0.444993780102708], "prec": [0.7293058732927133, 0.7552391764143445, 0.7737322320540265, 0.7618598936051378, 0.753812742060691], "rec": [0.5453176710603733, 0.5477723680838833, 0.5518849544422013, 0.5500027701598382, 0.5499608419969029]}, "Entail-Raw": {"f1": [0.448978836770379, 0.45997834688137695, 0.46470956533603325, 0.4538528836702783, 0.4886507703580363], "prec": [0.5778288850510652, 0.5624573960463531, 0.5637151309586759, 0.5606425251894087, 0.5868533839081717], "rec": [0.5379760505545313, 0.530458962123678, 0.5291484092472597, 0.5275298484722568, 0.5449202197285341]}, "LLM-Judge": {"f1": [0.3882121738193264, 0.4080724178859541, 0.428682850205318, 0.4024400483284971, 0.4418727162729913], "prec": [0.728190002290406, 0.7575136612021858, 0.7698965394748527, 0.7596519847743339, 0.7686252381362448], "rec": [0.5365146369379671, 0.5365535248041775, 0.54051501545163, 0.5322751322751322, 0.5493096876677804]}, "ROSCOE-LI-Self": {"f1": [0.46416740229361075, 0.43654867583720874, 0.4202549857035038, 0.4338003608456565, 0.4243551921264277], "prec": [0.7611111111111111, 0.7395833333333333, 0.7319444444444444, 0.7413888888888889, 0.73125], "rec": [0.5525980204679042, 0.5477869119266436, 0.5463812746296371, 0.5481453779883099, 0.5461742741903278]}, "ROSCOE-LI-Source": {"f1": [0.44935934221829, 0.4711366593899101, 0.4630870848265767, 0.46534886057605895, 0.47022237399957134], "prec": [0.5062668466815305, 0.5127773133115008, 0.4964723637049613, 0.5020890744654702, 0.508607717899228], "rec": [0.5044257876903286, 0.5091958640081445, 0.4975330438808518, 0.5015138923515887, 0.5060156898242438]}, "ReCEval-Inter": {"f1": [0.4440938565695024, 0.4707258714996345, 0.47141466128807896, 0.4600921075443832, 0.4647885706306506], "prec": [0.49964108043137123, 0.509606240522271, 0.5044552746794962, 0.49554172876789004, 0.5004376498517815], "rec": [0.4997473616357313, 0.5070406050238588, 0.5031871156707329, 0.4967741488683897, 0.5003083831405384]}, "ReCEval-Intra": {"f1": [0.3547291560536594, 0.3350831146106737, 0.32179189719792967, 0.3321616871704745, 0.32576295244854503], "prec": [0.2748684210526316, 0.2519736842105263, 0.23723684210526316, 0.24868421052631579, 0.24157894736842106], "rec": [0.5, 0.5, 0.5, 0.5, 0.5]}, "Stability-0.95": {"f1": [0.675127650143363, 0.6996148959056958, 0.7338153126805886, 0.7096355161610759, 0.7066287033915126], "prec": [0.7107605766247868, 0.7104526020934689, 0.7413918978378073, 0.7207561269252591, 0.7155634784232494], "rec": [0.6946384151880701, 0.7028679072795396, 0.733430289638562, 0.712116679132386, 0.7074464544813173]}}