{"Entail-Prev": {"f1": [0.32737163221809906, 0.3686787347806481, 0.3059490084985836, 0.3290412037042748, 0.37024403043820525], "prec": [0.7142116182572614, 0.6798748696558916, 0.22040816326530613, 0.6640597844977407, 0.7255208333333334], "rec": [0.5141093474426808, 0.5150890346766636, 0.5, 0.5141574112162347, 0.5180389608225433]}, "Entail-Raw": {"f1": [0.46360495972671234, 0.4969351088564785, 0.5339572172511704, 0.40263333162559556, 0.5325914149443561], "prec": [0.514211723424261, 0.5190000536242694, 0.5354061459233431, 0.4231313477119708, 0.5468297625940939], "rec": [0.5115535228529579, 0.516234510048943, 0.5344434306569343, 0.4278417660770602, 0.5431268643036877]}, "LLM-Judge": {"f1": [0.3769006347257091, 0.426817719385316, 0.37824592202472385, 0.3937958173753965, 0.3506423258958756], "prec": [0.6982822828414487, 0.7596359743040686, 0.72611282755464, 0.7205405405405405, 0.6646005509641874], "rec": [0.5363793979613188, 0.5464646464646464, 0.5083468505001352, 0.5480769230769231, 0.5079654718458898]}, "ROSCOE-LI-Self": {"f1": [0.4588022634621948, 0.42113821138211377, 0.3828960155490768, 0.4653051628614646, 0.4229426779424382], "prec": [0.7755319148936171, 0.7632978723404256, 0.7297872340425532, 0.803931987247609, 0.7648936170212766], "rec": [0.544241174184677, 0.5412371134020618, 0.5364963503649635, 0.5477941176470589, 0.5414937759336099]}, "ROSCOE-LI-Self-Contra": {"f1": [0.47301377410468315, 0.5158885555695271, 0.5137090091587513, 0.5272521450531922, 0.48823670982067846], "prec": [0.5843977758123016, 0.5770393289574876, 0.5755061759392938, 0.6118054155748169, 0.554551282051282], "rec": [0.5525662870295639, 0.5538269290846611, 0.5457302649364694, 0.5855614973262032, 0.5354530153810262]}, "ROSCOE-LI-Source": {"f1": [0.3665158371040724, 0.33559322033898303, 0.3059490084985836, 0.36855670103092786, 0.3369418132611637], "prec": [0.2892857142857143, 0.25255102040816324, 0.22040816326530613, 0.29183673469387755, 0.2540816326530612], "rec": [0.5, 0.5, 0.5, 0.5, 0.5]}, "ROSCOE-LI-Source-Contra": {"f1": [0.48164390877672275, 0.4209965322491186, 0.4014594562685327, 0.4660459916095518, 0.4374208884266825], "prec": [0.547958985283054, 0.49207730068974087, 0.4847389558232932, 0.5182804053771796, 0.5029004749824153], "rec": [0.5242280214031626, 0.49628241174632926, 0.49197418221140843, 0.5093754284930756, 0.5015289373260677]}, "ReCEval-Inter": {"f1": [0.3665158371040724, 0.33559322033898303, 0.3059490084985836, 0.36855670103092786, 0.3369418132611637], "prec": [0.2892857142857143, 0.25255102040816324, 0.22040816326530613, 0.29183673469387755, 0.2540816326530612], "rec": [0.5, 0.5, 0.5, 0.5, 0.5]}, "ReCEval-Inter-Contra": {"f1": [0.4510907811400422, 0.4188763514114099, 0.3883404696671394, 0.4466142769752012, 0.4364939624353118], "prec": [0.5086520947176685, 0.4982326416752646, 0.4743657598532162, 0.49502262443438916, 0.5028678931769706], "rec": [0.503975727139569, 0.49922940747683014, 0.4877247228980806, 0.49764328808446456, 0.5014956089919845]}, "ReCEval-Intra": {"f1": [0.3665158371040724, 0.33559322033898303, 0.3059490084985836, 0.36855670103092786, 0.3369418132611637], "prec": [0.2892857142857143, 0.25255102040816324, 0.22040816326530613, 0.29183673469387755, 0.2540816326530612], "rec": [0.5, 0.5, 0.5, 0.5, 0.5]}, "Stability": {"f1": [0.8182583473636833, 0.8106707352094997, 0.9466239487384862, 0.9341082251590462, 0.9397943511649095], "prec": [0.8494077834179357, 0.8162594620167614, 0.9540359181762618, 0.9326743498440817, 0.9403224260308172], "rec": [0.8430335097001764, 0.8118608768093305, 0.9424422141119222, 0.9357945975593034, 0.9401298138612542]}, "Stability-0.95": {"f1": [0.8057308360042734, 0.8780011946718889, 0.9130297692939751, 0.8745718050065877, 0.8652786282914882], "prec": [0.812832882168603, 0.8840749018014358, 0.9141953168285073, 0.8762437837814483, 0.8664112580128205], "rec": [0.8192987176038024, 0.8779652192023326, 0.9199952689916193, 0.8731403400521047, 0.8657701344798281]}, "Stability-bin": {"f1": [0.9123710418378307, 0.8484347722919949, 0.9116561844863731, 0.8876404494382022, 0.8719129849885079], "prec": [0.9105652377136753, 0.8732592200772544, 0.9104149973290598, 0.9243323442136498, 0.9009661835748792], "rec": [0.9201117986428721, 0.8497761116317817, 0.9154078805082455, 0.875, 0.8724066390041494]}, "Stability-bin-0.95": {"f1": [0.8991871147612569, 0.8899083339370213, 0.9394599982619094, 0.8741468385130042, 0.8357976333867607], "prec": [0.8984369465661579, 0.9017481677279827, 0.9383949973944763, 0.8727158948685858, 0.8504096848010629], "rec": [0.908319134307835, 0.8899822971987921, 0.9442078940254123, 0.8828157136980667, 0.83619540402273]}}