{"Entail-Raw": {"f1": [0.5622119815668203, 0.6524390243902438, 0.251875, 0.4418901660280971, 0.44583333333333336], "prec": [0.7429245283018868, 0.6524390243902439, 0.4411764705882353, 0.5076923076923077, 0.49523809523809526], "rec": [0.575735294117647, 0.6524390243902439, 0.46853146853146854, 0.5025974025974026, 0.4984615384615385]}, "LLM-Judge-Whole": {"f1": [0.8843813387423936, 0.5381944444444444, 0.71433344470431, 0.5227272727272727, 0.9701960784313726], "prec": [0.9444444444444444, 0.8727272727272728, 0.7321428571428572, 0.8301886792452831, 0.9807692307692308], "rec": [0.8529411764705883, 0.5625, 0.8295454545454546, 0.5714285714285714, 0.9615384615384616]}, "Stability-Test": {"f1": [0.6650170120630994, 0.608125, 0.5670886075949367, 0.700278379214352, 0.6027874564459931], "prec": [0.7361111111111112, 0.6624040920716112, 0.5733766233766234, 0.7133995037220844, 0.7321428571428572], "rec": [0.7625, 0.6935975609756098, 0.5987762237762237, 0.7233766233766235, 0.7]}}