{"Entail-Prev": {"f1": [0.48717948717948717, 1.0, 0.8198198198198199, 0.803921568627451, 0.8857142857142857], "prec": [0.475, 1.0, 0.9736842105263157, 0.9444444444444444, 0.9722222222222222], "rec": [0.5, 1.0, 0.75, 0.75, 0.8333333333333333]}, "Entail-Raw": {"f1": [0.47368421052631576, 0.6571428571428571, 0.8857142857142857, 0.7849462365591398, 0.84375], "prec": [0.47368421052631576, 0.625, 0.8333333333333333, 0.7666666666666666, 0.8], "rec": [0.47368421052631576, 0.9210526315789473, 0.9722222222222222, 0.8125, 0.9411764705882353]}, "LLM-Judge": {"f1": [0.48717948717948717, 1.0, 0.8198198198198199, 0.6571428571428571, 0.8857142857142857], "prec": [0.475, 1.0, 0.9736842105263157, 0.9210526315789473, 0.9722222222222222], "rec": [0.5, 1.0, 0.75, 0.625, 0.8333333333333333]}, "ROSCOE-LI-Self-Contra": {"f1": [0.047619047619047616, 0.047619047619047616, 0.09090909090909091, 0.16666666666666669, 0.13043478260869565], "prec": [0.025, 0.025, 0.05, 0.1, 0.075], "rec": [0.5, 0.5, 0.5, 0.5, 0.5]}, "ROSCOE-LI-Source-Contra": {"f1": [0.34065934065934067, 0.27083333333333337, 0.4133333333333334, 0.43734015345268534, 0.4373401534526854], "prec": [0.5384615384615384, 0.5333333333333333, 0.5769230769230769, 0.5439560439560439, 0.6071428571428571], "rec": [0.6842105263157895, 0.631578947368421, 0.6944444444444444, 0.5625, 0.6764705882352942]}, "ReCEval-Inter-Contra": {"f1": [0.34065934065934067, 0.27083333333333337, 0.34065934065934067, 0.43734015345268534, 0.3939393939393939], "prec": [0.5384615384615384, 0.5333333333333333, 0.4791666666666667, 0.5439560439560439, 0.6], "rec": [0.6842105263157895, 0.631578947368421, 0.4444444444444444, 0.5625, 0.6470588235294118]}, "ReCEval-Intra": {"f1": [0.047619047619047616, 0.047619047619047616, 0.09090909090909091, 0.16666666666666669, 0.13043478260869565], "prec": [0.025, 0.025, 0.05, 0.1, 0.075], "rec": [0.5, 0.5, 0.5, 0.5, 0.5]}, "Stability": {"f1": [0.48717948717948717, 1.0, 1.0, 0.9134199134199135, 1.0], "prec": [0.475, 1.0, 1.0, 0.9705882352941176, 1.0], "rec": [0.5, 1.0, 1.0, 0.875, 1.0]}, "Stability-0.95": {"f1": [0.48717948717948717, 1.0, 1.0, 1.0, 0.8857142857142857], "prec": [0.475, 1.0, 1.0, 1.0, 0.9722222222222222], "rec": [0.5, 1.0, 1.0, 1.0, 0.8333333333333333]}}