{"Entail-Prev": {"f1": [0.8916666666666666, 0.6682615629984051, 0.6904761904761905, 0.6067226890756303, 0.6807095343680709], "prec": [0.917960088691796, 0.7435897435897436, 0.7563025210084033, 0.7467700258397932, 0.7857142857142857], "rec": [0.8717948717948718, 0.682962962962963, 0.7342549923195084, 0.6414814814814814, 0.7321428571428572]}, "Entail-Raw": {"f1": [0.7511961722488039, 0.8844444444444444, 0.784557438794727, 0.7877551020408162, 0.7062937062937062], "prec": [0.76, 0.8844444444444444, 0.7827380952380952, 0.7886904761904762, 0.7083333333333333], "rec": [0.8461538461538461, 0.8844444444444444, 0.7918586789554531, 0.7874074074074073, 0.7142857142857143]}, "LLM-Judge": {"f1": [0.9063063063063064, 0.7156250000000001, 0.7088465845464725, 0.8003072196620584, 0.8124185844550587], "prec": [0.8823529411764706, 0.7711711711711712, 0.7916666666666667, 0.8420168067226891, 0.8448275862068966], "rec": [0.9487179487179487, 0.722962962962963, 0.7580645161290323, 0.8014814814814815, 0.8392857142857143]}, "Stability-0.95": {"f1": [0.9282758620689655, 0.8050974512743628, 0.7864874953340799, 0.8215783454060237, 0.85359477124183], "prec": [0.90625, 0.8156682027649769, 0.7884615384615384, 0.8545751633986928, 0.8582608695652174], "rec": [0.9615384615384616, 0.8044444444444444, 0.7995391705069124, 0.8214814814814815, 0.8678571428571429]}}