{"Entail-Prev": {"f1": [0.6305144131231087, 0.6741854636591479, 0.6423248882265276, 0.5682539682539682, 0.6491228070175439], "prec": [0.6354166666666667, 0.6991441737985516, 0.6460446247464503, 0.5800000000000001, 0.68], "rec": [0.63073538654934, 0.692063492063492, 0.640625, 0.575, 0.6726342710997442]}, "Entail-Raw": {"f1": [0.6790242336703578, 0.6581737616711505, 0.6576695194206714, 0.6419437340153452, 0.634703196347032], "prec": [0.69, 0.7101139601139601, 0.6599999999999999, 0.6648351648351649, 0.6809923130677847], "rec": [0.6791326209930861, 0.6873015873015873, 0.65625, 0.65, 0.6656010230179028]}, "LLM-Judge": {"f1": [0.7295469912102772, 0.6761133603238866, 0.709090909090909, 0.6643732169827152, 0.638942617666022], "prec": [0.7998385794995965, 0.7916666666666667, 0.7795698924731183, 0.7588438308886971, 0.75], "rec": [0.7335009428032684, 0.7222222222222222, 0.703125, 0.6875, 0.6918158567774936]}, "Stability-0.95": {"f1": [0.7836375929682218, 0.6163682864450128, 0.7720797720797721, 0.6242914979757086, 0.6834942237695838], "prec": [0.8644067796610169, 0.6849733028222731, 0.8333333333333334, 0.6599999999999999, 0.750909090909091], "rec": [0.7837837837837838, 0.653968253968254, 0.7604166666666667, 0.6375, 0.7205882352941176]}}