{"Entail-Prev": {"f1": [0.4536108415111974, 0.4275364771996344, 0.4921105010625102, 0.4423362481438707, 0.3821436620625262], "prec": [0.778393351800554, 0.7527777777777778, 0.8069444444444445, 0.7652777777777777, 0.6952908587257618], "rec": [0.553072625698324, 0.5505050505050505, 0.5628930817610063, 0.5529100529100529, 0.5379903003488471]}, "Entail-Raw": {"f1": [0.5285804453021278, 0.5265601993430739, 0.5147494203673979, 0.5393745752142322, 0.5004694835680751], "prec": [0.5455128205128206, 0.5495563054618173, 0.514823717948718, 0.546231884057971, 0.5264585342333655], "rec": [0.5394674671336057, 0.5440115440115441, 0.514741455362987, 0.5441840494196515, 0.5249014436030517]}, "LLM-Judge": {"f1": [0.6246355977802585, 0.638095238095238, 0.5902081311333981, 0.5081460697614216, 0.5683219733852645], "prec": [0.7942708333333333, 0.7954545454545454, 0.8240469208211143, 0.7760115606936416, 0.7481283677459348], "rec": [0.6570360488062481, 0.6818181818181819, 0.6226415094339622, 0.58994708994709, 0.6475793414447375]}, "ROSCOE-LI-Self-Contra": {"f1": [0.414911133064552, 0.39707351472057356, 0.44067028985507245, 0.4336718489140084, 0.3826035268476322], "prec": [0.5877348908075165, 0.592924126172208, 0.575774647887324, 0.5400432900432901, 0.603541938287701], "rec": [0.5192056477389588, 0.5211732711732712, 0.5191382794046501, 0.5163993462422781, 0.5270285600839502]}, "ROSCOE-LI-Source-Contra": {"f1": [0.47010444235749455, 0.49859668306907234, 0.4602272727272727, 0.4587376480014244, 0.5112485050883409], "prec": [0.4945240648662702, 0.5181299923767857, 0.5165534347029009, 0.4946575915434047, 0.5224546908315565], "rec": [0.4953167125267517, 0.5151792651792652, 0.5131050969008794, 0.49610792542729715, 0.5191156867750077]}, "ReCEval-Inter-Contra": {"f1": [0.46271929824561403, 0.48751594678330595, 0.493462662015372, 0.4514880952380952, 0.5129559282250842], "prec": [0.4967929620412884, 0.5055351165026019, 0.5556975052343944, 0.48727750106181705, 0.5339331900477213], "rec": [0.49745684982906696, 0.5046342546342546, 0.5446654714135292, 0.4908723233330563, 0.5264187866927592]}, "ReCEval-Intra": {"f1": [0.32021466905187834, 0.34256055363321797, 0.2949907235621521, 0.3321616871704745, 0.3656093489148581], "prec": [0.2355263157894737, 0.26052631578947366, 0.20921052631578949, 0.24868421052631579, 0.2881578947368421], "rec": [0.5, 0.5, 0.5, 0.5, 0.5]}, "Stability": {"f1": [0.9521008403361344, 1.0, 1.0, 1.0, 0.9387607816758805], "prec": [0.9589041095890412, 1.0, 1.0, 1.0, 0.9363944821448437], "rec": [0.9497206703910615, 1.0, 1.0, 1.0, 0.9450211293570436]}, "Stability-0.95": {"f1": [0.9416917754714875, 0.9920960126463798, 0.9864199383894048, 0.9921052084848232, 0.9413892705908746], "prec": [0.9443338287669312, 0.991891891891892, 0.9889380530973451, 0.9921052631578947, 0.9389385210542429], "rec": [0.940381889435504, 0.9924242424242424, 0.9842767295597484, 0.9921188952602564, 0.9473042343798745]}, "Stability-bin": {"f1": [0.9521008403361344, 0.9788630548448103, 1.0, 0.9419444444444445, 0.9440200349348653], "prec": [0.9589041095890412, 0.9805825242718447, 1.0, 0.9478672985781991, 0.9415106951871658], "rec": [0.9497206703910615, 0.9780219780219781, 1.0, 0.9424083769633508, 0.9495873394027057]}, "Stability-bin-0.95": {"f1": [0.9521008403361344, 1.0, 0.9836881868131868, 0.9551510354834454, 0.9494110805148579], "prec": [0.9589041095890412, 1.0, 0.986784140969163, 0.9591346153846154, 0.9469629547224385], "rec": [0.9497206703910615, 1.0, 0.9811320754716981, 0.955026455026455, 0.9557985195269293]}}