{"Entail-Prev": {"f1": [0.9698613622664255, 1.0, 1.0, 1.0, 0.9417249417249417], "prec": [0.9545454545454546, 1.0, 1.0, 1.0, 0.9166666666666667], "rec": [0.9875, 1.0, 1.0, 1.0, 0.975]}, "Entail-Raw": {"f1": [0.8666666666666667, 0.8133333333333335, 0.7619047619047619, 0.8224251648909182, 0.8015873015873016], "prec": [0.8333333333333333, 0.7857142857142857, 0.75, 0.7941176470588236, 0.7777777777777778], "rec": [0.9375, 0.875, 0.875, 0.9125, 0.9]}, "LLM-Judge": {"f1": [1.0, 1.0, 1.0, 1.0, 1.0], "prec": [1.0, 1.0, 1.0, 1.0, 1.0], "rec": [1.0, 1.0, 1.0, 1.0, 1.0]}, "ROSCOE-LI-Self-Contra": {"f1": [0.9417249417249417, 0.9153020892151327, 0.9417249417249417, 0.9698613622664255, 0.9417249417249417], "prec": [0.9166666666666667, 0.8846153846153846, 0.9166666666666667, 0.9545454545454546, 0.9166666666666667], "rec": [0.975, 0.9625, 0.975, 0.9875, 0.975]}, "ROSCOE-LI-Source-Contra": {"f1": [0.6179966044142615, 0.5755517826825128, 0.5586380832282472, 0.49000407996736023, 0.4832575444398512], "prec": [0.6785714285714286, 0.637987012987013, 0.6313628899835796, 0.606951871657754, 0.5764006791171477], "rec": [0.775, 0.7125, 0.7, 0.65, 0.6125]}, "ReCEval-Inter-Contra": {"f1": [0.6353496353496353, 0.6527777777777777, 0.6179966044142615, 0.548440065681445, 0.4949494949494949], "prec": [0.6851851851851851, 0.6923076923076923, 0.6785714285714286, 0.65625, 0.6428571428571428], "rec": [0.7875, 0.8, 0.775, 0.725, 0.6875]}, "ReCEval-Intra": {"f1": [0.16666666666666669, 0.16666666666666669, 0.16666666666666669, 0.16666666666666669, 0.16666666666666669], "prec": [0.1, 0.1, 0.1, 0.1, 0.1], "rec": [0.5, 0.5, 0.5, 0.5, 0.5]}, "Stability": {"f1": [0.9417249417249417, 0.9417249417249417, 1.0, 1.0, 0.9417249417249417], "prec": [0.9166666666666667, 0.9166666666666667, 1.0, 1.0, 0.9166666666666667], "rec": [0.975, 0.975, 1.0, 1.0, 0.975]}, "Stability-0.95": {"f1": [1.0, 0.967511371020143, 1.0, 1.0, 1.0], "prec": [1.0, 0.9878048780487805, 1.0, 1.0, 1.0], "rec": [1.0, 0.95, 1.0, 1.0, 1.0]}}