{"Entail-Prev": {"f1": [1.0, 0.9773755656108597, 0.9887203910264444, 1.0, 0.9773755656108597], "prec": [1.0, 0.9807692307692308, 0.9901960784313726, 1.0, 0.9807692307692308], "rec": [1.0, 0.975, 0.9875, 1.0, 0.975]}, "Entail-Raw": {"f1": [0.9544534412955465, 0.9544534412955465, 0.919344514146716, 0.919344514146716, 0.9311575726670067], "prec": [0.962962962962963, 0.962962962962963, 0.9385964912280702, 0.9385964912280702, 0.9464285714285714], "rec": [0.95, 0.95, 0.9125, 0.9125, 0.925]}, "LLM-Judge": {"f1": [1.0, 1.0, 0.9773755656108597, 0.9664637933176004, 0.9661611730793331], "prec": [1.0, 1.0, 0.9807692307692308, 0.9651162790697674, 0.9675716440422323], "rec": [1.0, 1.0, 0.975, 0.97, 0.965]}, "ROSCOE-LI-Self-Contra": {"f1": [0.9544534412955465, 0.9544534412955465, 0.9311575726670067, 0.9428571428571428, 0.9311575726670067], "prec": [0.962962962962963, 0.962962962962963, 0.9464285714285714, 0.9545454545454546, 0.9464285714285714], "rec": [0.95, 0.95, 0.925, 0.9375, 0.925]}, "ROSCOE-LI-Source-Contra": {"f1": [0.6370967741935483, 0.6438665912945167, 0.6627471249515442, 0.6596161927440818, 0.6438665912945167], "prec": [0.7618243243243243, 0.7430555555555556, 0.6776927282668124, 0.7520385470719051, 0.7430555555555556], "rec": [0.655, 0.6575, 0.6625000000000001, 0.6699999999999999, 0.6575]}, "ReCEval-Inter-Contra": {"f1": [0.5846153846153846, 0.656084656084656, 0.6727272727272727, 0.656084656084656, 0.6389838062694994], "prec": [0.8125, 0.8289473684210527, 0.8333333333333333, 0.8289473684210527, 0.8246753246753247], "rec": [0.625, 0.675, 0.6875, 0.675, 0.6625]}, "ReCEval-Intra": {"f1": [0.35714285714285715, 0.35714285714285715, 0.35714285714285715, 0.35714285714285715, 0.35714285714285715], "prec": [0.2777777777777778, 0.2777777777777778, 0.2777777777777778, 0.2777777777777778, 0.2777777777777778], "rec": [0.5, 0.5, 0.5, 0.5, 0.5]}, "Stability": {"f1": [1.0, 1.0, 1.0, 0.9428571428571428, 1.0], "prec": [1.0, 1.0, 1.0, 0.9545454545454546, 1.0], "rec": [1.0, 1.0, 1.0, 0.9375, 1.0]}, "Stability-0.95": {"f1": [0.9887766554433222, 1.0, 1.0, 1.0, 1.0], "prec": [0.9878048780487805, 1.0, 1.0, 1.0, 1.0], "rec": [0.99, 1.0, 1.0, 1.0, 1.0]}}