{"Entail-Prev": {"f1": [0.6673491795008755, 0.6446267432321575, 0.657881813717466, 0.6024615384615384, 0.6195349872065858], "prec": [0.7741282689912827, 0.8229813664596273, 0.8097943722943723, 0.7723496835443038, 0.7372262773722628], "rec": [0.6952111739275025, 0.6686046511627907, 0.6467948717948717, 0.6527284826974268, 0.712]}, "Entail-Raw": {"f1": [0.6507352941176471, 0.6168067226890757, 0.5661733615221987, 0.5088801801050613, 0.5305137340535571], "prec": [0.6537552077468753, 0.6171383647798743, 0.5941176470588235, 0.5092623591117063, 0.5375458894204027], "rec": [0.6513690278239663, 0.6166144901610018, 0.6076923076923076, 0.5092058562555457, 0.5415384615384615]}, "Stability": {"f1": [0.5211693548387096, 0.6365914786967418, 0.7455735753608095, 0.462805888661402, 0.38158361936323826], "prec": [0.6773460577141559, 0.8209876543209876, 0.8271116138763197, 0.652046783625731, 0.6555593335600136], "rec": [0.5865203414255626, 0.6627906976744187, 0.7224358974358974, 0.5547914818101154, 0.5563076923076924]}}