{"Entail-Prev": {"f1": [0.3573666188385404, 0.3727532263479374, 0.38681547226369406, 0.38713567653498565, 0.37458285667215885], "prec": [0.7129480963216582, 0.7178295727622653, 0.7356162827677071, 0.7377375014415869, 0.7214726197572794], "rec": [0.5201911455555313, 0.5204971914665407, 0.5216131377738503, 0.5219912452404475, 0.520674125190048]}, "Entail-Raw": {"f1": [0.3939580361328635, 0.4287828310884533, 0.4315482870238755, 0.42963035305972175, 0.4306506057013929], "prec": [0.521537458041321, 0.5562501858885083, 0.5410315438962795, 0.5305623522141822, 0.549892635701648], "rec": [0.5077065999025154, 0.521761381714416, 0.5155917858949308, 0.5120816331905433, 0.5200007071552324]}, "LLM-Judge": {"f1": [0.34106669440818504, 0.354275271764154, 0.3858464891032662, 0.370062781670662, 0.36316843145973365], "prec": [0.7266992094578302, 0.6271325652263098, 0.7570658819577176, 0.7559528136401651, 0.7482010637188445], "rec": [0.5131511551603205, 0.5093276762445629, 0.5218765845512042, 0.5145262716962501, 0.5162292125826488]}, "ROSCOE-LI-Self": {"f1": [0.39933447015698326, 0.3849493647391788, 0.37014436887819724, 0.3702589105644467, 0.3819661456356342], "prec": [0.7634895833333333, 0.7605729166666666, 0.7438020833333333, 0.7416145833333333, 0.7484296482412061], "rec": [0.5212520244349131, 0.5208572213762047, 0.5195079390143735, 0.5193315798922232, 0.519877249637583]}, "ReCEval-Intra": {"f1": [0.3532633801887415, 0.3401562079181255, 0.3278002606488785, 0.3281228575346223, 0.3385565052231719], "prec": [0.2731122448979592, 0.2577551020408163, 0.2438265306122449, 0.24418367346938777, 0.25592246949030867], "rec": [0.5, 0.5, 0.5, 0.5, 0.5]}, "Stability-0.95": {"f1": [0.7106797956370288, 0.7149928748218706, 0.7220615565587756, 0.696852955792366, 0.7401197031674451], "prec": [0.715050561977413, 0.715421216313364, 0.7242108057302177, 0.6987154225155369, 0.7402987540700865], "rec": [0.7158228988441864, 0.7155334312534645, 0.7220488553640727, 0.6969310002198608, 0.740401398988768]}}