{"Entail-Prev": {"f1": [0.6446078431372549, 0.618421052631579, 0.5870066458700665, 0.4998513232233126, 0.5120192307692308], "prec": [0.6454787234042554, 0.6327238335435057, 0.6146276595744681, 0.501194743130227, 0.5120192307692308], "rec": [0.6553977272727273, 0.6168146503884573, 0.6358764186633039, 0.5011904761904762, 0.5120192307692308]}, "Entail-Raw": {"f1": [0.5286377708978328, 0.5207977207977208, 0.3164983164983165, 0.39583333333333337, 0.5054263565891473], "prec": [0.75, 0.8231707317073171, 0.6585365853658537, 0.4903846153846154, 0.7962962962962963], "rec": [0.569034090909091, 0.5735294117647058, 0.5409836065573771, 0.49642857142857144, 0.5769230769230769]}, "LLM-Judge-Whole": {"f1": [0.7869387755102041, 0.8565002249212776, 0.23008849557522124, 0.8056655498020103, 0.928921568627451], "prec": [0.8928571428571428, 0.9140625, 0.14942528735632185, 0.858974358974359, 0.9444444444444444], "rec": [0.765625, 0.8382352941176471, 0.5, 0.8166666666666667, 0.9230769230769231]}, "Stability": {"f1": [0.4930632630410655, 0.465036465036465, 0.748917748917749, 0.48214285714285715, 0.4361111111111111], "prec": [0.7162162162162162, 0.7207792207792207, 0.8147007042253521, 0.7777777777777778, 0.7407407407407407], "rec": [0.6181818181818182, 0.5943396226415094, 0.7254098360655737, 0.5714285714285714, 0.5625]}, "Stability-0.95": {"f1": [0.8438923395445134, 0.6429233417185225, 0.6292613636363636, 0.6267696267696268, 0.6188769414575866], "prec": [0.8383783783783785, 0.6964912280701754, 0.6318474758324383, 0.6996753246753247, 0.6190476190476191], "rec": [0.8556818181818182, 0.6864594894561598, 0.6547919293820933, 0.6464285714285715, 0.6201923076923077]}}