{"Entail-Prev": {"f1": [0.6581196581196581, 0.6703296703296704, 0.8566308243727598, 0.6703296703296704, 0.5488721804511278], "prec": [0.8181818181818181, 0.8125, 0.9393939393939394, 0.8125, 0.7], "rec": [0.6842105263157895, 0.7, 0.8181818181818181, 0.7, 0.6785714285714286]}, "Entail-Raw": {"f1": [0.873015873015873, 0.8749218261413383, 0.908466819221968, 0.797979797979798, 0.7630019749835418], "prec": [0.8854166666666667, 0.8759398496240601, 0.8988095238095238, 0.8125, 0.7656641604010025], "rec": [0.8709273182957393, 0.875, 0.9200626959247649, 0.8, 0.8154761904761905]}, "LLM-Judge": {"f1": [0.6581196581196581, 0.6703296703296704, 0.8964624676445212, 0.7333333333333334, 0.696969696969697], "prec": [0.8181818181818181, 0.8125, 0.953125, 0.8333333333333333, 0.75], "rec": [0.6842105263157895, 0.7, 0.8636363636363636, 0.75, 0.7857142857142857]}, "Stability": {"f1": [0.9238095238095239, 0.873015873015873, 0.8964624676445212, 0.9245757385292268, 0.6731615336266499], "prec": [0.9375, 0.9, 0.953125, 0.9347826086956521, 0.74], "rec": [0.9210526315789473, 0.875, 0.8636363636363636, 0.925, 0.7678571428571428]}, "Stability-0.95": {"f1": [0.8976982097186701, 0.9245757385292268, 0.8666666666666667, 0.873015873015873, 0.6491228070175439], "prec": [0.9199999999999999, 0.9347826086956521, 0.8960573476702509, 0.9, 0.7307692307692308], "rec": [0.8947368421052632, 0.925, 0.8463949843260188, 0.875, 0.75]}}