{"Entail-Prev": {"f1": [0.393022240291518, 0.3616931216931217, 0.41513530186373715, 0.3727341647533945, 0.3924981083126149], "prec": [0.7526690391459074, 0.6973214285714285, 0.7473027488507364, 0.7071428571428571, 0.749554367201426], "rec": [0.5304054054054054, 0.5267878787878788, 0.531464858670741, 0.5278648554510623, 0.5316666666666666]}, "Entail-Raw": {"f1": [0.5021087597506813, 0.4751991838321026, 0.5243818466353678, 0.5193139872351227, 0.47423522802716916], "prec": [0.5356488865260796, 0.5192072638379606, 0.542651908994354, 0.5671611163227017, 0.529037610619469], "rec": [0.5287162162162162, 0.516, 0.5364304812834224, 0.5550330895158482, 0.52]}, "LLM-Judge": {"f1": [0.47159253945480634, 0.42736891011516165, 0.4816682448594648, 0.5017182130584192, 0.5275829697940251], "prec": [0.7526289009497965, 0.7319109461966604, 0.7836095764272559, 0.7447348767737118, 0.7713178294573644], "rec": [0.5708745717548535, 0.5621212121212121, 0.5680147058823529, 0.5983977708115639, 0.6066666666666667]}, "ROSCOE-LI-Self-Contra": {"f1": [0.473691392391245, 0.45684909828336123, 0.5077458365468254, 0.4184164805162571, 0.4423365210648747], "prec": [0.6076127819548872, 0.6212207275825566, 0.6315343995553198, 0.5317982456140351, 0.5812546676624346], "rec": [0.5490340692805482, 0.5569090909090909, 0.5621419022154316, 0.5146290491118077, 0.5323809523809524]}, "ROSCOE-LI-Source-Contra": {"f1": [0.45488546949328146, 0.4502442804452589, 0.4299799919967987, 0.5053942567031572, 0.4656760199415323], "prec": [0.4855136299123966, 0.4635696861015525, 0.48323826401580183, 0.5398252184769039, 0.5190168846885265], "rec": [0.4894366197183099, 0.4726666666666666, 0.48916157372039726, 0.5287356321839081, 0.5117857142857143]}, "ReCEval-Inter-Contra": {"f1": [0.49804058850413757, 0.45938958511926625, 0.4102960102960103, 0.48556301511926203, 0.4669330669330669], "prec": [0.549021124460716, 0.48231465761177134, 0.4586385836385837, 0.5337021456424441, 0.5218568665377177], "rec": [0.5339265321659687, 0.4878787878787879, 0.4741214667685256, 0.5210727969348659, 0.513452380952381]}, "ReCEval-Intra": {"f1": [0.3378995433789954, 0.3626373626373626, 0.3192488262910798, 0.3548387096774194, 0.34090909090909094], "prec": [0.25517241379310346, 0.28448275862068967, 0.23448275862068965, 0.275, 0.25862068965517243], "rec": [0.5, 0.5, 0.5, 0.5, 0.5]}, "Stability": {"f1": [0.9239063021802395, 0.9703397095938706, 1.0, 0.9636451552244418, 0.9982735988617659], "prec": [0.9329268292682926, 0.9681647940074907, 1.0, 0.9627659574468085, 0.9983388704318936], "rec": [0.9256756756756757, 0.9742424242424242, 1.0, 0.9670846394984326, 0.9982142857142857]}, "Stability-0.95": {"f1": [0.9223119487794641, 0.8688657242134323, 0.9394346237040352, 0.970191217595042, 0.9443805140007671], "prec": [0.9270789603099399, 0.8772568363584119, 0.9393456706160289, 0.9747023809523809, 0.9518072289156627], "rec": [0.9235582413399315, 0.8819393939393939, 0.9395292207792207, 0.9674329501915708, 0.9428571428571428]}, "Stability-bin": {"f1": [0.9654478083187381, 1.0, 1.0, 0.9326372927771529, 0.9461352490570673], "prec": [0.9670250896057349, 1.0, 1.0, 0.9467787114845938, 0.9531722054380665], "rec": [0.9650028549676437, 1.0, 1.0, 0.9272030651340997, 0.9446428571428571]}, "Stability-bin-0.95": {"f1": [0.951687372078633, 0.9513329497506713, 0.9620468525062165, 0.930823784140848, 0.9861988554568061], "prec": [0.9551282051282051, 0.9496402877697842, 0.9625850340136055, 0.9455307262569832, 0.9860615574901289], "rec": [0.9527027027027026, 0.9575757575757575, 0.9642857142857143, 0.9252873563218391, 0.986547619047619]}}