{"Entail-Prev": {"f1": [0.6000000000000001, 0.593934076951999, 0.5827022348613644, 0.5364710992522727, 0.5520159283225485], "prec": [0.6026785714285714, 0.599537037037037, 0.595, 0.5407388663967612, 0.554636374861094], "rec": [0.6026785714285714, 0.5957446808510638, 0.5972986813468186, 0.5397579948141746, 0.5561904761904762]}, "Entail-Raw": {"f1": [0.5604395604395604, 0.5231942111383899, 0.38493537364433217, 0.4998456313677061, 0.4097578748633699], "prec": [0.6149068322981367, 0.5700757575757576, 0.3815708101422387, 0.5759468170829976, 0.5140977443609023], "rec": [0.5825892857142857, 0.5549233052944087, 0.4264498783766483, 0.5465489566613162, 0.5076190476190476]}, "LLM-Judge-Whole": {"f1": [0.8672012830793905, 0.8883928571428572, 0.8908943965517242, 0.9095959595959596, 0.8775358733300347], "prec": [0.9033613445378151, 0.9056603773584906, 0.9279999999999999, 0.9252336448598131, 0.8865979381443299], "rec": [0.8630952380952381, 0.8936170212765957, 0.8767123287671232, 0.9090909090909092, 0.8952380952380952]}, "Stability-Test": {"f1": [0.7205316109800026, 0.6999629583899247, 0.7405689936082216, 0.6660069272637308, 0.666501976284585], "prec": [0.7210054753608761, 0.7005928853754941, 0.739938080495356, 0.6672463048068562, 0.6928543739501227], "rec": [0.7202380952380952, 0.7008906481939634, 0.7480476251440276, 0.6662550932213853, 0.6895238095238095]}}