{"Entail-Prev": {"f1": [0.5348837209302326, 0.5250320924261873, 0.5955717145308224, 0.5328776636572974, 0.4829508972322666], "prec": [0.7654320987654322, 0.76875, 0.8302469135802469, 0.75625, 0.7114499424626007], "rec": [0.5959821428571429, 0.6063829787234043, 0.6232876712328768, 0.6012470675392024, 0.5933333333333334]}, "Entail-Raw": {"f1": [0.6493212669683257, 0.6611006512546683, 0.6841709487404436, 0.6602617655249234, 0.6109189723320159], "prec": [0.6550925925925926, 0.6628482972136223, 0.6842105263157894, 0.6618964659034345, 0.6231357312946484], "rec": [0.6495535714285714, 0.6626669965363681, 0.6904365638202534, 0.6606371156932955, 0.6247619047619047]}, "LLM-Judge": {"f1": [0.5485636114911081, 0.7389707067126422, 0.7325805972366661, 0.6452159479926691, 0.47496947496947495], "prec": [0.7962962962962963, 0.8282442748091603, 0.8639455782312926, 0.8074324324324325, 0.7088948787061995], "rec": [0.6071428571428571, 0.7606382978723405, 0.726027397260274, 0.6797752808988764, 0.5885714285714285]}, "Stability": {"f1": [0.9217488510744007, 0.944437584887023, 0.9589830398124939, 0.9047055526143689, 0.8971428571428571], "prec": [0.9225983076157293, 0.9479166666666667, 0.9692982456140351, 0.9177715451300357, 0.8971428571428571], "rec": [0.9211309523809523, 0.9468085106382979, 0.952054794520548, 0.9046178540560563, 0.8971428571428571]}, "Stability-0.95": {"f1": [0.8875, 0.8776418242491657, 0.9022707674619144, 0.8768043802887009, 0.8316498316498318], "prec": [0.8932186234817814, 0.8774703557312253, 0.9014533401325855, 0.8876190476190476, 0.8309232480533926], "rec": [0.8854166666666667, 0.8780306778822365, 0.9031494046856996, 0.8768983825163601, 0.8400000000000001]}}