{"Entail-Prev": {"f1": [0.6190476190476191, 1.0, 0.3650793650793651, 0.5, 1.0], "prec": [0.75, 1.0, 0.5833333333333334, 0.6666666666666666, 1.0], "rec": [0.7, 1.0, 0.6428571428571428, 0.6666666666666666, 1.0]}, "Entail-Raw": {"f1": [0.7333333333333334, 0.7948717948717948, 0.6666666666666666, 0.7333333333333334, 1.0], "prec": [0.7333333333333334, 0.75, 0.6666666666666666, 0.75, 1.0], "rec": [0.7333333333333334, 0.9285714285714286, 0.8571428571428572, 0.8333333333333333, 1.0]}, "LLM-Judge": {"f1": [0.6190476190476191, 1.0, 0.6666666666666666, 0.5, 1.0], "prec": [0.75, 1.0, 0.6666666666666666, 0.6666666666666666, 1.0], "rec": [0.7, 1.0, 0.8571428571428572, 0.6666666666666666, 1.0]}, "Stability-0.95": {"f1": [1.0, 1.0, 0.5636363636363637, 1.0, 1.0], "prec": [1.0, 1.0, 0.625, 1.0, 1.0], "rec": [1.0, 1.0, 0.7857142857142857, 1.0, 1.0]}}