{"Entail-Prev": {"f1": [0.5389732023395389, 0.5163197305721758, 0.6158028271112722, 0.5460360393289228, 0.47102241662110444], "prec": [0.794478527607362, 0.7670807453416149, 0.834375, 0.784375, 0.7329192546583851], "rec": [0.6011904761904762, 0.601063829787234, 0.636986301369863, 0.6123595505617978, 0.5904761904761905]}, "Entail-Raw": {"f1": [0.6180555555555556, 0.6329254727474972, 0.6671509708096686, 0.5968143354902937, 0.5663193466629118], "prec": [0.6375, 0.6375, 0.6768149882903982, 0.6019047619047619, 0.6256613756613757], "rec": [0.6227678571428572, 0.6360712518555172, 0.6643195493534759, 0.5990863069514756, 0.6085714285714285]}, "LLM-Judge": {"f1": [0.7148367543738807, 0.7828571428571429, 0.8319443964175801, 0.8156446037639227, 0.6064814814814815], "prec": [0.8380281690140845, 0.8467741935483871, 0.8910984848484849, 0.8699186991869918, 0.7495908346972177], "rec": [0.7261904761904762, 0.7978723404255319, 0.8172449110229164, 0.8202247191011236, 0.6742857142857143]}, "ROSCOE-LI-Self": {"f1": [0.6336659663865547, 0.6336996336996337, 0.5688416211555045, 0.6099869995666523, 0.6997338065661047], "prec": [0.7517857142857143, 0.7232142857142857, 0.6964285714285714, 0.7053571428571428, 0.7785714285714286], "rec": [0.6748511904761905, 0.6546264225630876, 0.640827038791448, 0.6419928386220521, 0.6980952380952381]}, "ROSCOE-LI-Self-Contra": {"f1": [0.4240921452567589, 0.4144522826126686, 0.4585561497326204, 0.41176470588235287, 0.39119216151190767], "prec": [0.6235294117647059, 0.5787878787878787, 0.5696969696969697, 0.5651773376324274, 0.6097246127366609], "rec": [0.5260416666666666, 0.5241217219198416, 0.5220842401741135, 0.5174712927521916, 0.5323809523809524]}, "ROSCOE-LI-Source": {"f1": [0.3181818181818182, 0.34306569343065696, 0.2885375494071146, 0.3308550185873606, 0.3684210526315789], "prec": [0.23333333333333334, 0.2611111111111111, 0.20277777777777778, 0.24722222222222223, 0.2916666666666667], "rec": [0.5, 0.5, 0.5, 0.5, 0.5]}, "ROSCOE-LI-Source-Contra": {"f1": [0.5496525096525096, 0.5410504844467108, 0.4820384294068505, 0.560822586266992, 0.5289987082243053], "prec": [0.5548940970046372, 0.5538545653362492, 0.5115840517241379, 0.5833333333333334, 0.5360373092142453], "rec": [0.5543154761904762, 0.5487382483918852, 0.5110101139418768, 0.5740832201506358, 0.5323809523809524]}, "ReCEval-Inter": {"f1": [0.3181818181818182, 0.34306569343065696, 0.2885375494071146, 0.3308550185873606, 0.3684210526315789], "prec": [0.23333333333333334, 0.2611111111111111, 0.20277777777777778, 0.24722222222222223, 0.2916666666666667], "rec": [0.5, 0.5, 0.5, 0.5, 0.5]}, "ReCEval-Inter-Contra": {"f1": [0.5324096981692232, 0.5675324675324676, 0.5610975647396524, 0.5542857142857143, 0.5574162679425837], "prec": [0.5394736842105263, 0.5952380952380953, 0.5833333333333333, 0.5778120184899846, 0.5673940949935815], "rec": [0.5386904761904762, 0.5801583374567045, 0.5829599283062348, 0.5685887146561304, 0.5599999999999999]}, "ReCEval-Intra": {"f1": [0.3181818181818182, 0.34306569343065696, 0.2885375494071146, 0.3308550185873606, 0.3684210526315789], "prec": [0.23333333333333334, 0.2611111111111111, 0.20277777777777778, 0.24722222222222223, 0.2916666666666667], "rec": [0.5, 0.5, 0.5, 0.5, 0.5]}, "Stability": {"f1": [0.9550000000000001, 0.9666625509322138, 0.9529964747356051, 0.921602787456446, 0.8827216034252738], "prec": [0.9615384615384616, 0.9673913043478262, 0.9652173913043478, 0.9333333333333333, 0.8853754940711462], "rec": [0.9523809523809523, 0.9680851063829787, 0.9452054794520548, 0.9213483146067416, 0.8961904761904762]}, "Stability-0.95": {"f1": [0.9550000000000001, 0.9666625509322138, 0.9529964747356051, 0.8882126443920009, 0.8932550953525391], "prec": [0.9615384615384616, 0.9673913043478262, 0.9652173913043478, 0.8963560711133527, 0.8915141019297378], "rec": [0.9523809523809523, 0.9680851063829787, 0.9452054794520548, 0.8881343375725399, 0.9019047619047619]}, "Stability-0.95-epsilon0.2": {"f1": [0.9272727272727272, 0.9666625509322138, 0.9708539784319441, 0.8772321428571428, 0.8885448916408669], "prec": [0.9287317620650954, 0.9673913043478262, 0.9776785714285714, 0.8828173956636169, 0.8947368421052632], "rec": [0.9263392857142857, 0.9680851063829787, 0.9657534246575342, 0.8771453265835288, 0.9047619047619048]}, "Stability-0.95-epsilon0.3": {"f1": [0.9383388869857681, 0.9444444444444444, 0.953482362062282, 0.8932550953525391, 0.8664027709054922], "prec": [0.9414086978318086, 0.946313706086096, 0.9584802193497846, 0.9097222222222223, 0.8754192025835299], "rec": [0.9367559523809523, 0.946313706086096, 0.9495583151965177, 0.8933818989998765, 0.8838095238095238]}, "Stability-0.95-epsilon0.4": {"f1": [0.9383388869857681, 0.9499861072520144, 0.9311575726670067, 0.8932550953525391, 0.899391379952801], "prec": [0.9414086978318086, 0.9503025064822818, 0.9295238095238094, 0.9097222222222223, 0.9009754290653167], "rec": [0.9367559523809523, 0.9511380504700643, 0.9330431442837024, 0.8933818989998765, 0.9123809523809524]}, "Stability-bin": {"f1": [1.0, 0.9666625509322138, 0.9529964747356051, 0.9053188526872736, 0.9827536648462201], "prec": [1.0, 0.9673913043478262, 0.9652173913043478, 0.9082877053260328, 0.9861111111111112], "rec": [1.0, 0.9680851063829787, 0.9452054794520548, 0.9051117421903938, 0.98]}, "Stability-bin-0.95": {"f1": [0.9776007964161274, 0.9666625509322138, 0.9529964747356051, 0.9053188526872736, 0.9376868607395752], "prec": [0.98, 0.9673913043478262, 0.9652173913043478, 0.9082877053260328, 0.935], "rec": [0.9761904761904762, 0.9680851063829787, 0.9452054794520548, 0.9051117421903938, 0.9419047619047619]}}