{"Entail-Prev": {"f1": [0.8857142857142857, 0.8666666666666667, 0.8198198198198199, 0.9134199134199135, 0.8290598290598291], "prec": [0.9722222222222222, 0.9375, 0.9736842105263157, 0.9705882352941176, 0.9], "rec": [0.8333333333333333, 0.8333333333333333, 0.75, 0.875, 0.8125]}, "Entail-Raw": {"f1": [0.6865203761755485, 0.9430199430199431, 0.8198198198198199, 1.0, 0.7333333333333334], "prec": [0.6875, 0.9285714285714286, 0.9736842105263157, 1.0, 0.7417582417582418], "rec": [0.8529411764705883, 0.9642857142857143, 0.75, 1.0, 0.7291666666666667]}, "LLM-Judge": {"f1": [0.8857142857142857, 0.8666666666666667, 0.8198198198198199, 0.9134199134199135, 0.8901098901098901], "prec": [0.9722222222222222, 0.9375, 0.9736842105263157, 0.9705882352941176, 0.9285714285714286], "rec": [0.8333333333333333, 0.8333333333333333, 0.75, 0.875, 0.875]}, "ROSCOE-LI-Self-Contra": {"f1": [0.13043478260869565, 0.23076923076923075, 0.09090909090909091, 0.16666666666666669, 0.28571428571428575], "prec": [0.075, 0.15, 0.05, 0.1, 0.2], "rec": [0.5, 0.5, 0.5, 0.5, 0.5]}, "ROSCOE-LI-Source-Contra": {"f1": [0.3350383631713555, 0.6875, 0.375, 0.43734015345268534, 0.6491228070175439], "prec": [0.48809523809523814, 0.7, 0.5714285714285714, 0.5439560439560439, 0.6616161616161615], "rec": [0.48039215686274506, 0.7380952380952381, 0.6666666666666666, 0.5625, 0.6666666666666667]}, "ReCEval-Inter-Contra": {"f1": [0.375, 0.595959595959596, 0.375, 0.3483709273182958, 0.5488721804511278], "prec": [0.5054945054945055, 0.6458333333333334, 0.5714285714285714, 0.5, 0.5879120879120879], "rec": [0.5098039215686274, 0.6666666666666667, 0.6666666666666666, 0.5, 0.5833333333333334]}, "ReCEval-Intra": {"f1": [0.13043478260869565, 0.23076923076923075, 0.09090909090909091, 0.16666666666666669, 0.28571428571428575], "prec": [0.075, 0.15, 0.05, 0.1, 0.2], "rec": [0.5, 0.5, 0.5, 0.5, 0.5]}, "Stability": {"f1": [1.0, 0.9373040752351097, 0.8198198198198199, 1.0, 0.9466666666666668], "prec": [1.0, 0.9666666666666667, 0.9736842105263157, 1.0, 0.9615384615384616], "rec": [1.0, 0.9166666666666667, 0.75, 1.0, 0.9375]}, "Stability-0.95": {"f1": [1.0, 0.8666666666666667, 0.8198198198198199, 1.0, 0.9466666666666668], "prec": [1.0, 0.9375, 0.9736842105263157, 1.0, 0.9615384615384616], "rec": [1.0, 0.8333333333333333, 0.75, 1.0, 0.9375]}}