{"Entail-Prev": {"f1": [0.38498029407838813, 0.4071639761187623, 0.3942789644851934, 0.4019380269398173, 0.39805728165547133], "prec": [0.7268142232221639, 0.7478905222280092, 0.7370147272773679, 0.7431524567890677, 0.7412311512929762], "rec": [0.5304782752445931, 0.5341261911208441, 0.5320619241107231, 0.5334796156224727, 0.5319812696020219]}, "Entail-Raw": {"f1": [0.3947167530711378, 0.4061063364104775, 0.3928229807958454, 0.41117374734283896, 0.40379821653432013], "prec": [0.6139950672802064, 0.5873902850086772, 0.6063250221693081, 0.6279761313207117, 0.6216858374692246], "rec": [0.5249890418316063, 0.5199276299369155, 0.5210846672724397, 0.5283323819038105, 0.5252318938217472]}, "LLM-Judge": {"f1": [0.3992284118987202, 0.391242757820774, 0.39310740377475895, 0.3551103904303976, 0.3913111363485705], "prec": [0.7396282973621103, 0.7547679405404424, 0.7493311931514178, 0.7494331065759637, 0.7501481218153809], "rec": [0.5381801571838958, 0.5266728308809059, 0.5321238348868176, 0.5113945578231293, 0.5291266062239274]}, "ROSCOE-LI-Self": {"f1": [0.420349096991053, 0.4013405964588005, 0.41319558884959895, 0.40695841178001246, 0.40768410146112466], "prec": [0.7549107142857143, 0.739642857142857, 0.7526785714285714, 0.7469642857142857, 0.7454464285714286], "rec": [0.5340894260570498, 0.5319150289702611, 0.5336937492975508, 0.5328956757528186, 0.5326977901099236]}, "ROSCOE-LI-Source": {"f1": [0.49329659386001945, 0.4941076411855724, 0.4996917261390566, 0.49415869362510156, 0.4876549274205333], "prec": [0.5135251516930907, 0.5105020139502898, 0.5200909089560654, 0.5119138448439498, 0.5057577426132778], "rec": [0.5121698056998236, 0.5092157024320703, 0.5177391041796441, 0.510490699776414, 0.50504847218416]}, "ReCEval-Inter": {"f1": [0.49560858801124485, 0.49613431824239, 0.49538558284851253, 0.4930351258951153, 0.48493901331262534], "prec": [0.5153665599087439, 0.5130808930446066, 0.5146262886597938, 0.5107500363176902, 0.5025935750073681], "rec": [0.5138844859201118, 0.5114501706395764, 0.5129726887754811, 0.5094607773179202, 0.5022765940440304]}, "ReCEval-Intra": {"f1": [0.34736131427928435, 0.33233567399562564, 0.3412085415720127, 0.33638443935926776, 0.33729433272394876], "prec": [0.26612068965517244, 0.24887931034482758, 0.2589655172413793, 0.253448275862069, 0.25448275862068964], "rec": [0.5, 0.5, 0.5, 0.5, 0.5]}, "Stability-0.95": {"f1": [0.7202768360703022, 0.7305593958584191, 0.7568222034530985, 0.7429817883529999, 0.7348301820224761], "prec": [0.7453998656237231, 0.7398094879062507, 0.7702051479062619, 0.7516463847574566, 0.7480212320857984], "rec": [0.7314867849444378, 0.7323683436682615, 0.7616861352245647, 0.7454438418724133, 0.7387169429980817]}}