{"Entail-Prev": {"f1": [0.6767801857585138, 0.7270955165692008, 0.7555253735029016, 0.7081930415263749, 0.7091162584365791], "prec": [0.6766452251360713, 0.7272445820433436, 0.7883447473833829, 0.7221863289830728, 0.708755060728745], "rec": [0.6770833333333333, 0.7269915883226126, 0.7856868518755601, 0.712310161748364, 0.7095238095238094]}, "Entail-Raw": {"f1": [0.6553853754940712, 0.6103040381538074, 0.6087442553720034, 0.5666666666666665, 0.5445344129554656], "prec": [0.6563735177865613, 0.6171986044708618, 0.614386355209492, 0.5667366341523645, 0.6235802271636538], "rec": [0.6569940476190477, 0.6121969322117764, 0.6184867494558954, 0.5667366341523645, 0.5980952380952381]}, "PRM": {"f1": [0.5977849023608277, 0.5914764846803682, 0.6459096459096458, 0.6049492668341868, 0.5296167247386759], "prec": [0.6206675224646983, 0.6208333333333333, 0.6672114098945179, 0.6291666666666667, 0.5703880095251436], "rec": [0.6049107142857143, 0.607619990103909, 0.6440916655997951, 0.6148289912334857, 0.5638095238095238]}, "ROSCOE-LI-Self": {"f1": [0.6408529741863075, 0.6571428571428573, 0.6160860560724553, 0.6363636363636364, 0.6692722120145745], "prec": [0.6650717703349283, 0.6748383620689655, 0.6527113237639554, 0.6444416114227435, 0.6704545454545454], "rec": [0.6540178571428572, 0.6605640771895102, 0.6471002432467033, 0.6398938140511174, 0.6752380952380952]}, "ROSCOE-LI-Source": {"f1": [0.6660069272637308, 0.5839708323838666, 0.5336933112768812, 0.5371603829114904, 0.6327601282424951], "prec": [0.6761133603238867, 0.6160303075323131, 0.5912698412698413, 0.5387500000000001, 0.6375598086124402], "rec": [0.6726190476190477, 0.5966105888174171, 0.5795032646268083, 0.5382763304111619, 0.6314285714285715]}, "ReCEval-Inter": {"f1": [0.682853698494637, 0.6304131408661026, 0.5941312741312741, 0.5555555555555556, 0.6587412587412587], "prec": [0.6829855537720706, 0.6327300150829562, 0.608974358974359, 0.5556241511297692, 0.6611111111111111], "rec": [0.6837797619047619, 0.6306284017812964, 0.6109973114838049, 0.5556241511297692, 0.6657142857142857]}, "Stability-0.95": {"f1": [0.7270955165692008, 0.74125, 0.772046332046332, 0.7040116657875959, 0.7222222222222222], "prec": [0.74, 0.7483426823049464, 0.7899698340874812, 0.7115384615384616, 0.7262044653349001], "rec": [0.734375, 0.7409698169223157, 0.7953527077198822, 0.7064452401531054, 0.72]}}