{"Entail-Prev": {"f1": [0.4813444341658957, 0.5271739130434783, 0.6379525593008739, 0.5172413793103449, 0.7928571428571427], "prec": [0.5795454545454546, 0.5271739130434783, 0.8557692307692308, 0.5598455598455598, 0.7952380952380952], "rec": [0.6218568665377177, 0.5271739130434783, 0.6428571428571428, 0.5598455598455598, 0.7980769230769231]}, "Entail-Raw": {"f1": [0.5039473684210527, 0.5972222222222222, 0.4735524256651017, 0.6033303597977995, 0.39637228664882546], "prec": [0.5517241379310345, 0.6078431372549019, 0.47549019607843135, 0.6618421052631579, 0.3996415770609319], "rec": [0.5841392649903288, 0.6594202898550725, 0.47425997425997424, 0.6583011583011583, 0.39903846153846156]}, "LLM-Judge": {"f1": [0.6119783370500159, 0.4423076923076923, 0.4390715667311412, 0.39025167250716786, 0.24047619047619045], "prec": [0.671875, 0.39655172413793105, 0.8245614035087719, 0.608974358974359, 0.24285714285714285], "rec": [0.7765957446808511, 0.5, 0.5238095238095238, 0.5437580437580437, 0.2403846153846154]}, "Stability-0.95": {"f1": [0.5284552845528456, 0.5171137835337649, 0.5557775557775558, 0.5735294117647058, 0.28781072177298594], "prec": [0.5797619047619048, 0.5993788819875776, 0.5597222222222222, 0.5770609318996416, 0.2915057915057915], "rec": [0.6295938104448743, 0.644927536231884, 0.5553410553410554, 0.583011583011583, 0.30528846153846156]}}