{"Entail-Prev": {"f1": [0.7651663405088063, 0.8268398268398267, 0.68, 0.7222222222222222, 0.9217221135029354], "prec": [0.9605263157894737, 0.9871794871794872, 0.9615384615384616, 0.9473684210526316, 0.9864864864864865], "rec": [0.7, 0.75, 0.625, 0.6666666666666666, 0.875]}, "Entail-Raw": {"f1": [0.609375, 0.5833333333333334, 0.5098039215686274, 0.609375, 0.7402597402597403], "prec": [0.6018808777429467, 0.5686274509803921, 0.515625, 0.6, 0.7], "rec": [0.6857142857142857, 0.6842105263157895, 0.5277777777777778, 0.6470588235294117, 0.9166666666666667]}, "LLM-Judge": {"f1": [1.0, 0.8268398268398267, 1.0, 0.812206572769953, 0.7651663405088063], "prec": [1.0, 0.9871794871794872, 1.0, 0.9594594594594594, 0.8063063063063063], "rec": [1.0, 0.75, 1.0, 0.75, 0.7361111111111112]}, "ROSCOE-LI-Self-Contra": {"f1": [0.4666666666666667, 0.4666666666666666, 0.4520547945205479, 0.4520547945205479, 0.4736842105263158], "prec": [0.4375, 0.47297297297297297, 0.44594594594594594, 0.4230769230769231, 0.45], "rec": [0.5, 0.4605263157894737, 0.4583333333333333, 0.4852941176470588, 0.5]}, "ROSCOE-LI-Source-Contra": {"f1": [0.39433838051349573, 0.27083333333333337, 0.26349206349206344, 0.3434343434343434, 0.3350383631713555], "prec": [0.5412087912087913, 0.5333333333333333, 0.492831541218638, 0.5333333333333333, 0.5666666666666667], "rec": [0.5857142857142857, 0.631578947368421, 0.4861111111111111, 0.5490196078431373, 0.6388888888888888]}, "ReCEval-Inter-Contra": {"f1": [0.3350383631713555, 0.2890059249506254, 0.174484052532833, 0.3939393939393939, 0.3552546744036106], "prec": [0.5235109717868338, 0.5344827586206896, 0.4428571428571429, 0.6, 0.5689655172413793], "rec": [0.5428571428571429, 0.6447368421052632, 0.4305555555555556, 0.6470588235294118, 0.6527777777777778]}, "ReCEval-Intra": {"f1": [0.1111111111111111, 0.047619047619047616, 0.09090909090909091, 0.13043478260869565, 0.09090909090909091], "prec": [0.0625, 0.025, 0.05, 0.075, 0.05], "rec": [0.5, 0.5, 0.5, 0.5, 0.5]}, "Stability": {"f1": [1.0, 1.0, 0.68, 1.0, 0.9217221135029354], "prec": [1.0, 1.0, 0.9615384615384616, 1.0, 0.9864864864864865], "rec": [1.0, 1.0, 0.625, 1.0, 0.875]}, "Stability-0.95": {"f1": [1.0, 1.0, 0.68, 1.0, 0.9217221135029354], "prec": [1.0, 1.0, 0.9615384615384616, 1.0, 0.9864864864864865], "rec": [1.0, 1.0, 0.625, 1.0, 0.875]}}