{"Entail-Prev": {"f1": [0.728203781512605, 0.8211402310272018, 0.8332818771225687, 0.714700832122573, 0.6584008097165992], "prec": [0.7803485576923077, 0.8402777777777778, 0.8838461538461538, 0.8074074074074074, 0.767557190849464], "rec": [0.7313988095238095, 0.8273132112815438, 0.8194213288951478, 0.7305840227188541, 0.7123809523809523]}, "Entail-Raw": {"f1": [0.6278507586119152, 0.6166548350257723, 0.5785084202085005, 0.56125, 0.5550611790878754], "prec": [0.6404682274247492, 0.618266253869969, 0.5787037037037037, 0.5685489081276651, 0.5793184488836662], "rec": [0.6302083333333333, 0.6181345868381989, 0.5783510434003328, 0.5655019138165205, 0.5771428571428572]}, "LLM-Judge": {"f1": [0.6869565217391305, 0.7143689886330515, 0.7749999999999999, 0.7059901996733224, 0.5977849023608277], "prec": [0.7560025957170668, 0.8089105743081106, 0.8302671572548392, 0.8141821946169772, 0.7604166666666667], "rec": [0.6956845238095238, 0.7388668975754576, 0.7643067468954039, 0.7248425731571799, 0.6714285714285715]}, "Stability": {"f1": [0.6974374807039209, 0.6877352623482047, 0.703936547388428, 0.6480395183698673, 0.5909090909090909], "prec": [0.8076923076923077, 0.7985910711254456, 0.8020833333333333, 0.7935132957292506, 0.7586206896551724], "rec": [0.7098214285714286, 0.7175903018307768, 0.7004864934067341, 0.6798987529324608, 0.6666666666666666]}}