{"Entail-Prev": {"f1": [0.4341172845845743, 0.4703638497652582, 0.5447004608294931, 0.43082788671023964, 0.3393801965230536], "prec": [0.7583333333333333, 0.7888888888888889, 0.8083333333333333, 0.7555555555555555, 0.6805555555555556], "rec": [0.5515463917525774, 0.5581395348837209, 0.5711538461538461, 0.5510204081632653, 0.54]}, "Entail-Raw": {"f1": [0.5719563846084528, 0.628778301344673, 0.502173850450606, 0.650735294117647, 0.477747923036536], "prec": [0.6399439601494397, 0.6399469623915139, 0.5171821305841924, 0.6528526504941599, 0.47767857142857145], "rec": [0.5996563573883161, 0.6298076923076923, 0.5198717948717949, 0.6509538598047915, 0.47784615384615386]}, "LLM-Judge": {"f1": [0.6533662900188324, 0.7007308467741935, 0.8867898075777224, 0.8283649503161699, 0.5978163992869876], "prec": [0.7403660169617616, 0.8256578947368421, 0.9421768707482994, 0.8709677419354839, 0.720411905769502], "rec": [0.6790821416694379, 0.7103085867620751, 0.8583333333333334, 0.8367346938775511, 0.6923076923076923]}, "Stability": {"f1": [1.0, 1.0, 0.8503988223614392, 1.0, 0.988219246031746], "prec": [1.0, 1.0, 0.8838714477012349, 1.0, 0.9921259842519685], "rec": [1.0, 1.0, 0.8307692307692307, 1.0, 0.9846153846153847]}, "Stability-0.95": {"f1": [0.9947331947331948, 0.9893985046311795, 0.8503988223614392, 1.0, 0.9712773998488284], "prec": [0.9948979591836735, 0.9886363636363636, 0.8838714477012349, 1.0, 0.9642857142857143], "rec": [0.9946236559139785, 0.9903846153846154, 0.8307692307692307, 1.0, 0.98]}}